block	ens_gene_id	ens_tx_id	mol_name	tissue	ref_name	type	chrom	tx_start	tx_stop	block_genes	trait	inference_pop1	inter_z_pop1	cv.R2_pop1	cv.R2.pval_pop1	ldregion_pop1	twas_z_pop1	pips_pop1	in_cred_set_pop1	symbol	tissues
10:94461486-10:96062600	ENSG00000138185_b_intermediate		ENSG00000138185_b_intermediate		onek1k		10	94711778.0	96869695.0	31	trait	blup		0.0017503449882497	0.1015111286065604	10:94462427-10:96061793	-2.97	0.355	1	ENSG00000138185	b_intermediate
3:100873373-3:103366116	ENSG00000144802_b_intermediate		ENSG00000144802_b_intermediate		onek1k		3	100827990.0	102861022.0	31	trait	lasso		0.0038029937451223	0.0308965659027937	3:100874290-3:103364897	-5.16	0.966	1	ENSG00000144802	b_intermediate
3:100873373-3:103366116	ENSG00000081154_cd8_naive		ENSG00000081154_cd8_naive		onek1k		3	100574094.0	102594437.0	31	trait	lasso		0.0031223437974227	0.046625055390162	3:100874290-3:103364897	4.54	0.733	1	ENSG00000081154	cd8_naive
3:100873373-3:103366116	ENSG00000174173_cd4_naive		ENSG00000174173_cd4_naive		onek1k		3	100561861.0	102566446.0	31	trait	blup		0.0098639069294409	0.0011494673505238	3:100874290-3:103364897	-4.16	0.223	1	ENSG00000174173	cd4_naive
3:100873373-3:103366116	ENSG00000081154_cd4_ctl		ENSG00000081154_cd4_ctl		onek1k		3	100574094.0	102594437.0	31	trait	lasso		-0.0006923870157815	0.5068595555735399	3:100874290-3:103364897	2.94	0.182	1	ENSG00000081154	cd4_ctl
10:91575290-10:93636611	ENSG00000152804_b_intermediate		ENSG00000152804_b_intermediate		onek1k		10	91689950.0	93695646.0	41	trait	lasso		0.006283621569361	0.0079113894701733	10:91575676-10:93635541	2.62	0.152	1	ENSG00000152804	b_intermediate
19:15537799-19:16263605	ENSG00000167460_cd4_tem		ENSG00000167460_cd4_tem		onek1k		19	15067020.0	17103005.0	45	trait	lasso		0.0013983366322926	0.1295249387365685	19:15539439-19:16259460	-2.67	0.149	1	ENSG00000167460	cd4_tem
19:16263605-19:18299052	ENSG00000167461_b_intermediate		ENSG00000167461_b_intermediate		onek1k		19	15111628.0	17134027.0	103	trait	lasso		0.0054163247960303	0.0126637828215366	19:16265494-19:18294833	-3.67	0.513	1	ENSG00000167461	b_intermediate
19:16263605-19:18299052	ENSG00000130313_b_intermediate		ENSG00000130313_b_intermediate		onek1k		19	16511889.0	18521288.0	103	trait	lasso		0.0141383705643632	0.0001276757099704	19:16265494-19:18294833	-3.5	0.371	1	ENSG00000130313	b_intermediate
19:18299052-19:19766662	ENSG00000105669_nk_cd56bright		ENSG00000105669_nk_cd56bright		onek1k		19	17899513.0	19919397.0	67	trait	blup		0.0006199245862795	0.2109692787821824	19:18304700-19:19765568	2.41	0.282	1	ENSG00000105669	nk_cd56bright
19:18299052-19:19766662	ENSG00000130511_nk		ENSG00000130511_nk		onek1k		19	17418863.0	19434387.0	67	trait	lasso		0.0002921650641743	0.2576415774096688	19:18304700-19:19765568	-3.0	0.214	1	ENSG00000130511	nk
19:18299052-19:19766662	ENSG00000105700_cd16_mono		ENSG00000105700_cd16_mono		onek1k		19	17557761.0	19569387.0	67	trait	blup		0.0003386706343716	0.2534992148356341	19:18304700-19:19765568	-2.41	0.179	1	ENSG00000105700	cd16_mono
14:67525600-14:70665240	ENSG00000185650_b_naive		ENSG00000185650_b_naive		onek1k		14	67787659.0	69796253.0	77	trait	blup		0.0198430584300937	6.724963876592006e-06	14:67525696-14:70660473	2.34	0.653	1	ENSG00000185650	b_naive
14:67525600-14:70665240	ENSG00000185650_nk		ENSG00000185650_nk		onek1k		14	67787659.0	69796253.0	77	trait	enet		1.854953330138187e-05	0.3132566650015115	14:67525696-14:70660473	-4.4	0.633	1	ENSG00000185650	nk
14:67525600-14:70665240	ENSG00000100632_cd8_tcm		ENSG00000100632_cd8_tcm		onek1k		14	68380122.0	70398627.0	77	trait	lasso		0.0054084402312526	0.0127574034069502	14:67525696-14:70660473	-3.32	0.438	1	ENSG00000100632	cd8_tcm
14:67525600-14:70665240	ENSG00000100632_b_intermediate		ENSG00000100632_b_intermediate		onek1k		14	68380122.0	70398627.0	77	trait	lasso		0.0051165092080751	0.0149191970967311	14:67525696-14:70660473	-4.39	0.235	1	ENSG00000100632	b_intermediate
14:70665240-14:72422907	ENSG00000100731_cd8_tcm		ENSG00000100731_cd8_tcm		onek1k		14	69907404.0	72115382.0	23	trait	lasso		0.0004926051696128	0.2250728773443592	14:70669002-14:72419821	-2.22	0.127	1	ENSG00000100731	cd8_tcm
7:4533797-7:5376601	ENSG00000075624_cd14_mono		ENSG00000075624_cd14_mono		onek1k		7	4527150.0	6563784.0	19	trait	enet		0.0025478465718685	0.0667995745021391	7:4534797-7:5376068	-3.01	0.51	1	ENSG00000075624	cd14_mono
7:5814895-7:6534226	ENSG00000136240_cd8_tem		ENSG00000136240_cd8_tem		onek1k		7	5461080.0	7484242.0	23	trait	enet		0.0816396804521979	7.316880412665101e-20	7:5816997-7:6527973	4.14	0.2	1	ENSG00000136240	cd8_tem
7:5814895-7:6534226	ENSG00000136240_nk		ENSG00000136240_nk		onek1k		7	5461080.0	7484242.0	23	trait	lasso		0.1420120566260616	2.81884287290497e-34	7:5816997-7:6527973	4.12	0.189	1	ENSG00000136240	nk
7:5814895-7:6534226	ENSG00000136240_cd4_tcm		ENSG00000136240_cd4_tcm		onek1k		7	5461080.0	7484242.0	23	trait	lasso		0.2133794534432972	1.3414193345675617e-52	7:5816997-7:6527973	4.12	0.189	1	ENSG00000136240	cd4_tcm
7:5814895-7:6534226	ENSG00000136240_b_intermediate		ENSG00000136240_b_intermediate		onek1k		7	5461080.0	7484242.0	23	trait	lasso		0.0044165595609929	0.0219409334884768	7:5816997-7:6527973	4.12	0.189	1	ENSG00000136240	b_intermediate
7:5814895-7:6534226	ENSG00000136240_cd8_naive		ENSG00000136240_cd8_naive		onek1k		7	5461080.0	7484242.0	23	trait	enet		0.0198510338781372	7.838071376385293e-06	7:5816997-7:6527973	4.12	0.189	1	ENSG00000136240	cd8_naive
7:5814895-7:6534226	ENSG00000136240_b_memory		ENSG00000136240_b_memory		onek1k		7	5461080.0	7484242.0	23	trait	lasso		0.0312285241423607	1.926242206507697e-08	7:5816997-7:6527973	4.06	0.153	1	ENSG00000136240	b_memory
7:6534226-7:7769121	ENSG00000136240_cd16_mono		ENSG00000136240_cd16_mono		onek1k		7	5461080.0	7484242.0	36	trait	blup		0.0031249696999674	0.0507249039291834	7:6535517-7:7767730	2.72	0.0889	1	ENSG00000136240	cd16_mono
7:6534226-7:7769121	ENSG00000136240_nk_cd56bright		ENSG00000136240_nk_cd56bright		onek1k		7	5461080.0	7484242.0	36	trait	lasso		0.0108769100627794	0.0009217670755109	7:6535517-7:7767730	2.9	0.085	1	ENSG00000136240	nk_cd56bright
4:99757203-4:102300199	ENSG00000070190_b_intermediate		ENSG00000070190_b_intermediate		onek1k		4	98816832.0	100870154.0	24	trait	lasso		0.00131595724924	0.1324313263880596	4:99759132-4:102293544	2.35	0.151	1	ENSG00000070190	b_intermediate
12:89288345-12:91672378	ENSG00000271614_b_intermediate		ENSG00000271614_b_intermediate		onek1k		12	88708958.0	90712590.0	33	trait	lasso		0.0003085903752446	0.2550538774046009	12:89292082-12:91672095	-2.31	0.106	1	ENSG00000271614	b_intermediate
21:33004691-21:33853161	ENSG00000159140_b_intermediate		ENSG00000159140_b_intermediate		onek1k		21	32542892.0	34577481.0	22	trait	lasso		0.0037671886867145	0.0315243427216065	21:33005992-21:33852188	2.24	0.133	1	ENSG00000159140	b_intermediate
6:133923105-6:135903039	ENSG00000135541_b_intermediate		ENSG00000135541_b_intermediate		onek1k		6	134283531.0	136497776.0	36	trait	lasso		0.0458213198370837	1.152337100804504e-11	6:133923265-6:135899344	-6.91	1.0	1	ENSG00000135541	b_intermediate
6:135903039-6:137293081	ENSG00000029363_treg		ENSG00000029363_treg		onek1k		6	135256626.0	137289851.0	27	trait	lasso		0.0124803197022065	0.0003377988578905	6:135903317-6:137292032	4.16	1.0	1	ENSG00000029363	treg
6:135903039-6:137293081	ENSG00000029363_b_naive		ENSG00000029363_b_naive		onek1k		6	135256626.0	137289851.0	27	trait	blup		0.0043343593351012	0.0229074802057489	6:135903317-6:137292032	-1.64	0.986	1	ENSG00000029363	b_naive
15:47843851-15:49715846	ENSG00000255302_cd4_tcm		ENSG00000255302_cd4_tcm		onek1k		15	47878054.0	49880183.0	40	trait	enet		0.0150091308863407	7.762519512923902e-05	15:47850326-15:49712097	2.73	0.192	1	ENSG00000255302	cd4_tcm
15:49715846-15:51385363	ENSG00000138592_b_intermediate		ENSG00000138592_b_intermediate		onek1k		15	49424379.0	51514419.0	39	trait	lasso		0.0011843578380079	0.1437631015887718	15:49716007-15:51385334	-3.29	0.52	1	ENSG00000138592	b_intermediate
8:28304875-8:29470379	ENSG00000168081_b_intermediate		ENSG00000168081_b_intermediate		onek1k		8	27316985.0	29343355.0	25	trait	blup		0.0044914625769423	0.0210490195003316	8:28307911-8:29469640	4.04	0.956	1	ENSG00000168081	b_intermediate
8:29470379-8:31276213	ENSG00000133872_gdt		ENSG00000133872_gdt		onek1k		8	29063011.0	31082424.0	47	trait	blup		0.0047628634799649	0.0190830365011489	8:29470596-8:31272835	-2.55	0.118	1	ENSG00000133872	gdt
7:28320690-7:31097675	ENSG00000146592_cd14_mono		ENSG00000146592_cd14_mono		onek1k		7	27299320.0	29825894.0	49	trait	lasso		6.265683731110361e-05	0.3039206141462886	7:28325466-7:31097459	-2.58	0.12	1	ENSG00000146592	cd14_mono
2:195582732-2:197213386	ENSG00000065413_b_intermediate		ENSG00000065413_b_intermediate		onek1k		2	195967016.0	198311173.0	22	trait	blup		0.0012427435508294	0.1386068377901672	2:195583436-2:197209940	-2.8	0.344	1	ENSG00000065413	b_intermediate
8:60422-8:1094217	ENSG00000104714_b_intermediate		ENSG00000104714_b_intermediate		onek1k		8	-385255.0	1738106.0	24	trait	blup		0.0096958088116165	0.0012896841523506	8:164984-8:1094105	-2.1	0.0965	1	ENSG00000104714	b_intermediate
5:155946495-5:157201689	ENSG00000135074_b_naive		ENSG00000135074_b_naive		onek1k		5	156395595.0	158575775.0	14	trait	enet		0.0132905366594369	0.0001965792836905	5:155951563-5:157201540	-4.44	0.517	1	ENSG00000135074	b_naive
5:155946495-5:157201689	ENSG00000055163_b_naive		ENSG00000055163_b_naive		onek1k		5	156266078.0	158395533.0	14	trait	lasso		0.0051069441594934	0.0149540656795076	5:155951563-5:157201540	3.61	0.437	1	ENSG00000055163	b_naive
5:155946495-5:157201689	ENSG00000135074_b_intermediate		ENSG00000135074_b_intermediate		onek1k		5	156395595.0	158575775.0	14	trait	enet		0.0227018111895308	1.5740019718911167e-06	5:155951563-5:157201540	-4.37	0.392	1	ENSG00000135074	b_intermediate
5:155946495-5:157201689	ENSG00000113263_cd4_tem		ENSG00000113263_cd4_tem		onek1k		5	156180825.0	158255191.0	14	trait	blup		0.000836359285797	0.1826647783732448	5:155951563-5:157201540	4.17	0.166	1	ENSG00000113263	cd4_tem
3:66220021-3:68237764	ENSG00000172340_b_intermediate		ENSG00000172340_b_intermediate		onek1k		3	66360459.0	68654614.0	15	trait	lasso		0.0014592702681193	0.1212101826519136	3:66293688-3:68233947	2.16	0.159	1	ENSG00000172340	b_intermediate
3:66220021-3:68237764	ENSG00000172340_mait		ENSG00000172340_mait		onek1k		3	66360459.0	68654614.0	15	trait	lasso		0.0023972597302238	0.0831762081787394	3:66293688-3:68233947	-1.99	0.121	1	ENSG00000172340	mait
20:34225635-20:36332043	ENSG00000214078_b_intermediate		ENSG00000214078_b_intermediate		onek1k		20	34626030.0	36664759.0	79	trait	lasso		0.0032935820587938	0.041202472443488	20:34228680-20:36331995	2.59	0.0731	1	ENSG00000214078	b_intermediate
21:40017600-21:41901419	ENSG00000182240_b_intermediate		ENSG00000182240_b_intermediate		onek1k		21	40167800.0	42282518.0	29	trait	blup		0.0004669450019982	0.2289189490494886	21:40019129-21:41899757	-4.19	0.969	1	ENSG00000182240	b_intermediate
9:122109043-9:124209608	ENSG00000165209_b_intermediate		ENSG00000165209_b_intermediate		onek1k		9	122115763.0	124268576.0	55	trait	blup		0.0049401252700632	0.0164351355374786	9:122111456-9:124208851	3.01	0.257	1	ENSG00000165209	b_intermediate
11:33937192-11:35481057	ENSG00000121691_b_intermediate		ENSG00000121691_b_intermediate		onek1k		11	33438924.0	35472062.0	26	trait	blup		0.0021681941431088	0.0790769195836384	11:33938199-11:35479735	-3.46	0.629	1	ENSG00000121691	b_intermediate
11:33937192-11:35481057	ENSG00000121691_b_naive		ENSG00000121691_b_naive		onek1k		11	33438924.0	35472062.0	26	trait	blup		0.0111628707755002	0.0005947221755199	11:33938199-11:35479735	-2.96	0.171	1	ENSG00000121691	b_naive
5:121116471-5:123221211	ENSG00000205302_b_intermediate		ENSG00000205302_b_intermediate		onek1k		5	121774995.0	123830108.0	29	trait	lasso		0.00327621714013	0.0416115640278805	5:121116723-5:123218166	2.93	0.349	1	ENSG00000205302	b_intermediate
2:134401007-2:136285224	ENSG00000144224_b_intermediate		ENSG00000144224_b_intermediate		onek1k		2	134741618.0	136785055.0	28	trait	blup		0.0047618839833925	0.0181286280325147	2:134413604-2:136282110	2.26	0.112	1	ENSG00000144224	b_intermediate
1:151566405-1:153208353	ENSG00000163191_b_intermediate		ENSG00000163191_b_intermediate		onek1k		1	151032505.0	153047907.0	86	trait	lasso		0.0013800113335451	0.1272793854182089	1:151568604-1:153208091	-4.25	0.978	1	ENSG00000163191	b_intermediate
1:151566405-1:153208353	ENSG00000197747_cd4_tcm		ENSG00000197747_cd4_tcm		onek1k		1	150982914.0	152994390.0	86	trait	blup		0.0618103264559608	2.450459873937034e-15	1:151568604-1:153208091	-4.49	0.956	1	ENSG00000197747	cd4_tcm
1:153208353-1:154797927	ENSG00000143543_cd16_mono		ENSG00000143543_cd16_mono		onek1k		1	152974363.0	154977688.0	86	trait	lasso		0.0038178049067316	0.0350362977862985	1:153209588-1:154797062	3.8	0.571	1	ENSG00000143543	cd16_mono
1:153208353-1:154797927	ENSG00000143621_cd16_mono		ENSG00000143621_cd16_mono		onek1k		1	152661830.0	154671048.0	86	trait	blup		0.0007701332322018	0.1932502453716997	1:153209588-1:154797062	3.26	0.117	1	ENSG00000143621	cd16_mono
1:153208353-1:154797927	ENSG00000177954_mait		ENSG00000177954_mait		onek1k		1	152990758.0	154992150.0	86	trait	blup		0.0023272147978076	0.0862435539883073	1:153209588-1:154797062	-3.09	0.0594	1	ENSG00000177954	mait
1:153208353-1:154797927	ENSG00000143543_b_memory		ENSG00000143543_b_memory		onek1k		1	152974363.0	154977688.0	86	trait	lasso		0.0012887181137581	0.1343554166139555	1:153209588-1:154797062	-1.96	0.0476	1	ENSG00000143543	b_memory
9:12276489-9:14836365	ENSG00000175893_b_intermediate		ENSG00000175893_b_intermediate		onek1k		9	13611070.0	15693471.0	30	trait	enet		0.0009006238497532	0.1721178991610142	9:12276668-9:14835081	2.73	0.243	1	ENSG00000175893	b_intermediate
19:48778970-19:51029311	ENSG00000142534_b_intermediate		ENSG00000142534_b_intermediate		onek1k		19	48496373.0	50499689.0	155	trait	lasso		0.0353314956842888	2.487233021600753e-09	19:48781874-19:51026135	-2.74	0.0322	1	ENSG00000142534	b_intermediate
19:48778970-19:51029311	ENSG00000142541_cd16_mono		ENSG00000142541_cd16_mono		onek1k		19	48487553.0	50492308.0	155	trait	lasso		0.0350836623048493	8.490930876789468e-09	19:48781874-19:51026135	-2.67	0.0269	1	ENSG00000142541	cd16_mono
19:48778970-19:51029311	ENSG00000142541_nk		ENSG00000142541_nk		onek1k		19	48487553.0	50492308.0	155	trait	lasso		0.0458424715655819	9.87295789277753e-12	19:48781874-19:51026135	-2.65	0.0255	1	ENSG00000142541	nk
19:48778970-19:51029311	ENSG00000142534_b_memory		ENSG00000142534_b_memory		onek1k		19	48496373.0	50499689.0	155	trait	enet		0.0463689978139965	8.086845581592058e-12	19:48781874-19:51026135	-2.36	0.0125	1	ENSG00000142534	b_memory
19:48778970-19:51029311	ENSG00000161671_cd4_tcm		ENSG00000161671_cd4_tcm		onek1k		19	49476942.0	51490870.0	155	trait	lasso		0.0002478059741459	0.265760165436001	19:48781874-19:51026135	-2.27	0.0124	1	ENSG00000161671	cd4_tcm
19:48778970-19:51029311	ENSG00000142546_cd8_naive		ENSG00000142546_cd8_naive		onek1k		19	48555710.0	50590262.0	155	trait	enet		-0.0001075639072005	0.3435494501790885	19:48781874-19:51026135	-2.19	0.0115	1	ENSG00000142546	cd8_naive
19:48778970-19:51029311	ENSG00000142534_cd8_tcm		ENSG00000142534_cd8_tcm		onek1k		19	48496373.0	50499689.0	155	trait	lasso		0.0196500834663634	7.580173099033009e-06	19:48781874-19:51026135	-2.29	0.0108	1	ENSG00000142534	cd8_tcm
8:23039544-8:24817205	ENSG00000120913_treg		ENSG00000120913_treg		onek1k		8	21578278.0	23598025.0	34	trait	blup		0.0027670837133534	0.0573191138715621	8:23041082-8:24817145	-3.2	0.545	1	ENSG00000120913	treg
8:23039544-8:24817205	ENSG00000147454_b_memory		ENSG00000147454_b_memory		onek1k		8	22528804.0	24575463.0	34	trait	blup		0.0022279002722985	0.0760228440200002	8:23041082-8:24817145	2.69	0.29	1	ENSG00000147454	b_memory
5:159398690-5:160546937	ENSG00000113312_treg		ENSG00000113312_treg		onek1k		5	159009112.0	161065543.0	23	trait	blup		0.0023904962132499	0.071115850027695	5:159400511-5:160546673	-2.75	0.266	1	ENSG00000113312	treg
5:159398690-5:160546937	ENSG00000164609_cd16_mono		ENSG00000164609_cd16_mono		onek1k		5	159401640.0	161421711.0	23	trait	enet		0.0010708461351454	0.1611176331885317	5:159400511-5:160546673	2.4	0.129	1	ENSG00000164609	cd16_mono
5:159398690-5:160546937	ENSG00000113312_cd8_naive		ENSG00000113312_cd8_naive		onek1k		5	159009112.0	161065543.0	23	trait	lasso		0.0023533179022756	0.0723454690423399	5:159400511-5:160546673	-2.27	0.115	1	ENSG00000113312	cd8_naive
19:44239955-19:45599439	ENSG00000104853_cd16_mono		ENSG00000104853_cd16_mono		onek1k		19	43954590.0	45993341.0	67	trait	lasso		0.0016093490200288	0.1175789599671013	19:44244423-19:45596281	-3.48	0.482	1	ENSG00000104853	cd16_mono
19:44239955-19:45599439	ENSG00000007255_gdt		ENSG00000007255_gdt		onek1k		19	44162927.0	46178237.0	67	trait	lasso		-0.0001689549461001	0.3594306377581684	19:44244423-19:45596281	-2.3	0.0502	1	ENSG00000007255	gdt
19:44239955-19:45599439	ENSG00000125740_cd14_mono		ENSG00000125740_cd14_mono		onek1k		19	44467994.0	46475179.0	67	trait	lasso		0.0060264274862028	0.0102365760305033	19:44244423-19:45596281	-2.23	0.0427	1	ENSG00000125740	cd14_mono
19:45599439-19:46646825	ENSG00000105287_b_memory		ENSG00000105287_b_memory		onek1k		19	45674274.0	47717127.0	61	trait	blup		0.0005023548184692	0.2232894934947159	19:45600991-19:46645309	4.23	0.827	1	ENSG00000105287	b_memory
19:45599439-19:46646825	ENSG00000160014_treg		ENSG00000160014_treg		onek1k		19	45601235.0	47610793.0	61	trait	blup		0.0004099907479028	0.2391076608160023	19:45600991-19:46645309	-4.14	0.757	1	ENSG00000160014	treg
17:36141651-17:38653091	ENSG00000277791_nk		ENSG00000277791_nk		onek1k		17	37752735.0	39764231.0	72	trait	blup		0.0008295104977761	0.1795890518053712	17:36141982-17:38652844	-6.27	0.981	1	ENSG00000277791	nk
17:36141651-17:38653091	ENSG00000275023_cd4_tem		ENSG00000275023_cd4_tem		onek1k		17	37705541.0	39729803.0	72	trait	blup		0.0022907787334003	0.0769414272498686	17:36141982-17:38652844	2.94	0.295	1	ENSG00000275023	cd4_tem
17:36141651-17:38653091	ENSG00000277791_cd8_tem		ENSG00000277791_cd8_tem		onek1k		17	37752735.0	39764231.0	72	trait	lasso		0.0028474494781397	0.0527411910875029	17:36141982-17:38652844	-2.26	0.0578	1	ENSG00000277791	cd8_tem
17:38653091-17:40721152	ENSG00000108298_b_intermediate		ENSG00000108298_b_intermediate		onek1k		17	38200282.0	40204727.0	105	trait	lasso		0.0072856725914985	0.0046200538256927	17:38661566-17:40720632	5.4	0.999	1	ENSG00000108298	b_intermediate
17:38653091-17:40721152	ENSG00000126353_b_intermediate		ENSG00000126353_b_intermediate		onek1k		17	39553768.0	41565472.0	105	trait	blup		0.000961125801644	0.1655740915738563	17:38661566-17:40720632	-5.75	0.985	1	ENSG00000126353	b_intermediate
17:38653091-17:40721152	ENSG00000108298_cd14_mono		ENSG00000108298_cd14_mono		onek1k		17	38200282.0	40204727.0	105	trait	lasso		0.0038473906457928	0.0326021609055491	17:38661566-17:40720632	-3.73	0.815	1	ENSG00000108298	cd14_mono
17:40721152-17:41743558	ENSG00000073584_treg		ENSG00000073584_treg		onek1k		17	39624961.0	41648299.0	86	trait	blup		0.0059172947953924	0.0102064980121933	17:40722029-17:41742501	-2.33	0.168	1	ENSG00000073584	treg
17:40721152-17:41743558	ENSG00000073584_cd4_ctl		ENSG00000073584_cd4_ctl		onek1k		17	39624961.0	41648299.0	86	trait	blup		0.0001812072559221	0.284615325776646	17:40722029-17:41742501	-2.08	0.131	1	ENSG00000073584	cd4_ctl
11:106650168-11:107973474	ENSG00000152404_treg		ENSG00000152404_treg		onek1k		11	106326344.0	108457844.0	17	trait	lasso		-0.00057142957844	0.497646602259217	11:106656863-11:107963947	-2.86	0.425	1	ENSG00000152404	treg
11:106650168-11:107973474	ENSG00000152404_cd4_ctl		ENSG00000152404_cd4_ctl		onek1k		11	106326344.0	108457844.0	17	trait	lasso		0.0018074000918734	0.1169462197469744	11:106656863-11:107963947	-2.07	0.11	1	ENSG00000152404	cd4_ctl
11:107973474-11:108566310	ENSG00000075239_cd4_naive		ENSG00000075239_cd4_naive		onek1k		11	107121750.0	109147776.0	9	trait	lasso		0.0480277611839824	3.268687005836644e-12	11:107976450-11:108563349	-2.3	0.25	1	ENSG00000075239	cd4_naive
11:107973474-11:108566310	ENSG00000149311_cd8_naive		ENSG00000149311_cd8_naive		onek1k		11	107222483.0	109369102.0	9	trait	lasso		0.0132459139114556	0.000223790229303	11:107976450-11:108563349	-2.06	0.165	1	ENSG00000149311	cd8_naive
11:107973474-11:108566310	ENSG00000149311_cd4_tcm		ENSG00000149311_cd4_tcm		onek1k		11	107222483.0	109369102.0	9	trait	lasso		0.0840579767788683	1.9312233357269874e-20	11:107976450-11:108563349	-2.01	0.153	1	ENSG00000149311	cd4_tcm
11:107973474-11:108566310	ENSG00000149311_cd4_naive		ENSG00000149311_cd4_naive		onek1k		11	107222483.0	109369102.0	9	trait	lasso		0.0439463782284617	2.6907676426981107e-11	11:107976450-11:108563349	-1.94	0.14	1	ENSG00000149311	cd4_naive
11:108566310-11:109995390	ENSG00000149311_treg		ENSG00000149311_treg		onek1k		11	107222483.0	109369102.0	18	trait	blup		0.0128685223355972	0.0002770958363504	11:108568016-11:109995287	-1.99	0.114	1	ENSG00000149311	treg
10:108557947-10:110801735	ENSG00000108055_treg		ENSG00000108055_treg		onek1k		10	109567690.0	111604636.0	29	trait	blup		0.0025346186768836	0.0654582036577748	10:108559699-10:110799535	2.37	0.129	1	ENSG00000108055	treg
16:10332175-16:11426305	ENSG00000189067_treg		ENSG00000189067_treg		onek1k		16	10547721.0	12636381.0	45	trait	lasso		-0.0006150130266082	0.5175089453065738	16:10336503-16:11419378	12.5	1.0	1	ENSG00000189067	treg
16:10332175-16:11426305	ENSG00000189067_nk_cd56bright		ENSG00000189067_nk_cd56bright		onek1k		16	10547721.0	12636381.0	45	trait	lasso		-0.0001324298602509	0.3487304704289713	16:10336503-16:11419378	-4.22	0.0423	1	ENSG00000189067	nk_cd56bright
16:11426305-16:12519241	ENSG00000103342_cd8_naive		ENSG00000103342_cd8_naive		onek1k		16	10868127.0	12916082.0	29	trait	enet		-0.0001785095359776	0.3622723455526849	16:11427193-16:12518604	2.64	0.188	1	ENSG00000103342	cd8_naive
16:11426305-16:12519241	ENSG00000171490_b_memory		ENSG00000171490_b_memory		onek1k		16	10833849.0	12851585.0	29	trait	lasso		0.0025673198898825	0.0622741952318232	16:11427193-16:12518604	-2.35	0.128	1	ENSG00000171490	b_memory
16:11426305-16:12519241	ENSG00000103342_cd4_tem		ENSG00000103342_cd4_tem		onek1k		16	10868127.0	12916082.0	29	trait	blup		0.0020034793235153	0.0907498477644334	16:11427193-16:12518604	-2.03	0.0576	1	ENSG00000103342	cd4_tem
16:12519241-16:13060580	ENSG00000103381_cd16_mono		ENSG00000103381_cd16_mono		onek1k		16	11659798.0	13804017.0	12	trait	lasso		0.0080169765338694	0.0040813179106313	16:12520199-16:13058973	3.81	0.953	1	ENSG00000103381	cd16_mono
10:60899921-10:61581937	ENSG00000150347_treg		ENSG00000150347_treg		onek1k		10	60901299.0	63096944.0	5	trait	blup		0.0005432385121229	0.2188910714073969	10:60901336-10:61580967	1.11	0.19	1	ENSG00000150347	treg
14:53531113-14:54766963	ENSG00000100528_treg		ENSG00000100528_treg		onek1k		14	53423559.0	55441431.0	14	trait	blup		0.000107216149689	0.294242973761491	14:53531579-14:54765493	-2.1	0.167	1	ENSG00000100528	treg
15:64812469-15:66802429	ENSG00000174444_treg		ENSG00000174444_treg		onek1k		15	65498014.0	67524532.0	65	trait	blup		0.0058060204236956	0.0108306828843502	15:64814293-15:66797492	-2.96	0.205	1	ENSG00000174444	treg
15:66802429-15:68725660	ENSG00000189227_cd16_mono		ENSG00000189227_cd16_mono		onek1k		15	66521067.0	68530143.0	30	trait	lasso		0.0034165899617474	0.0433731343325927	15:66806517-15:68725397	2.49	0.152	1	ENSG00000189227	cd16_mono
3:56399879-3:58171792	ENSG00000180376_treg		ENSG00000180376_treg		onek1k		3	55557160.0	57619901.0	31	trait	lasso		0.0250997188843822	5.784319925367185e-07	3:56401564-3:58169894	-2.84	0.284	1	ENSG00000180376	treg
2:8282017-2:10158342	ENSG00000134308_cd4_ctl		ENSG00000134308_cd4_ctl		onek1k		2	8583971.0	10631014.0	45	trait	lasso		0.0014473862404006	0.1410079400580627	2:8282704-2:10156725	-3.23	0.312	1	ENSG00000134308	cd4_ctl
2:8282017-2:10158342	ENSG00000134330_cd8_naive		ENSG00000134330_cd8_naive		onek1k		2	8473657.0	10496543.0	45	trait	lasso		0.0049202965376267	0.0172820445713671	2:8282704-2:10156725	3.21	0.293	1	ENSG00000134330	cd8_naive
2:10158342-2:12279024	ENSG00000143870_gdt		ENSG00000143870_gdt		onek1k		2	9787280.0	11837977.0	52	trait	blup		0.0023871537949327	0.0714612837004818	2:10159679-2:12275106	-2.62	0.118	1	ENSG00000143870	gdt
2:66999034-2:67783044	ENSG00000197223_gdt		ENSG00000197223_gdt		onek1k		2	67041129.0	69110948.0	7	trait	blup		0.003474950263255	0.0386473022762502	2:67003923-2:67781328	-1.94	0.253	1	ENSG00000197223	gdt
2:68912432-2:70528066	ENSG00000087338_nk_cd56bright		ENSG00000087338_nk_cd56bright		onek1k		2	68829641.0	70881396.0	41	trait	lasso		0.0062126582158652	0.0097192487000578	2:68912855-2:70524142	-2.55	0.131	1	ENSG00000087338	nk_cd56bright
2:172274177-2:174724201	ENSG00000115935_gdt		ENSG00000115935_gdt		onek1k		2	173559571.0	175682916.0	50	trait	lasso		0.0027117472009471	0.0593477768541919	2:172275569-2:174721886	-2.72	0.134	1	ENSG00000115935	gdt
2:172274177-2:174724201	ENSG00000138433_cd4_tem		ENSG00000138433_cd4_tem		onek1k		2	173348021.0	175395715.0	50	trait	blup		0.0012450718576274	0.142042224543451	2:172275569-2:174721886	-2.68	0.121	1	ENSG00000138433	cd4_tem
3:8606875-3:9501499	ENSG00000125037_b_memory		ENSG00000125037_b_memory		onek1k		3	8962539.0	10986892.0	18	trait	enet		0.0007223622530141	0.1929154440020518	3:8611070-3:9499448	2.95	0.475	1	ENSG00000125037	b_memory
3:9501499-3:10977979	ENSG00000241553_gdt		ENSG00000241553_gdt		onek1k		3	8792783.0	10807726.0	47	trait	lasso		0.0103762118068404	0.0010045361491596	3:9508392-3:10977277	-3.93	0.888	1	ENSG00000241553	gdt
3:9501499-3:10977979	ENSG00000254999_cd4_ctl		ENSG00000254999_cd4_ctl		onek1k		3	9115591.0	11127190.0	47	trait	enet		0.0073060433427287	0.0085584686080185	3:9508392-3:10977277	2.85	0.25	1	ENSG00000254999	cd4_ctl
13:38304026-13:40495126	ENSG00000120690_cd4_tcm		ENSG00000120690_cd4_tcm		onek1k		13	39932027.0	42061273.0	28	trait	blup		0.0002317161447071	0.2687832072127791	13:38304841-13:40490173	2.91	0.297	1	ENSG00000120690	cd4_tcm
13:38304026-13:40495126	ENSG00000120690_gdt		ENSG00000120690_gdt		onek1k		13	39932027.0	42061273.0	28	trait	blup		0.0028133492055247	0.0560207071569705	13:38304841-13:40490173	-2.65	0.158	1	ENSG00000120690	gdt
13:40495126-13:42526891	ENSG00000120690_cd8_tcm		ENSG00000120690_cd8_tcm		onek1k		13	39932027.0	42061273.0	46	trait	blup		0.0005960579735273	0.2100549663535393	13:40498828-13:42525876	-2.56	0.173	1	ENSG00000120690	cd8_tcm
13:40495126-13:42526891	ENSG00000120690_treg		ENSG00000120690_treg		onek1k		13	39932027.0	42061273.0	46	trait	lasso		0.001293862300033	0.1361897075464236	13:40498828-13:42525876	2.4	0.0648	1	ENSG00000120690	treg
13:42526891-13:44327273	ENSG00000120675_cd8_tem		ENSG00000120675_cd8_tem		onek1k		13	42023202.0	44114224.0	26	trait	enet		0.0420999078695465	6.971537831979358e-11	13:42542279-13:44323351	2.87	0.201	1	ENSG00000120675	cd8_tem
13:42526891-13:44327273	ENSG00000120675_cd4_tcm		ENSG00000120675_cd4_tcm		onek1k		13	42023202.0	44114224.0	26	trait	enet		0.0962448382040181	2.784730423286156e-23	13:42542279-13:44323351	2.79	0.167	1	ENSG00000120675	cd4_tcm
13:42526891-13:44327273	ENSG00000120675_nk		ENSG00000120675_nk		onek1k		13	42023202.0	44114224.0	26	trait	enet		0.0266791843696515	1.897664896621972e-07	13:42542279-13:44323351	2.78	0.166	1	ENSG00000120675	nk
13:42526891-13:44327273	ENSG00000120675_cd14_mono		ENSG00000120675_cd14_mono		onek1k		13	42023202.0	44114224.0	26	trait	lasso		0.00062896944047	0.2085857006157508	13:42542279-13:44323351	2.69	0.135	1	ENSG00000120675	cd14_mono
10:31618591-10:33419040	ENSG00000120616_cd4_tem		ENSG00000120616_cd4_tem		onek1k		10	31267750.0	33378798.0	35	trait	lasso		0.0009597580487326	0.1691468954227822	10:31634713-10:33418872	3.04	0.605	1	ENSG00000120616	cd4_tem
10:31618591-10:33419040	ENSG00000150093_gdt		ENSG00000150093_gdt		onek1k		10	31900318.0	34005792.0	35	trait	enet		0.0011430880917797	0.1496541436271125	10:31634713-10:33418872	-3.11	0.37	1	ENSG00000150093	gdt
10:31618591-10:33419040	ENSG00000120616_b_memory		ENSG00000120616_b_memory		onek1k		10	31267750.0	33378798.0	35	trait	lasso		0.008946133959831	0.0018859482239511	10:31634713-10:33418872	-3.2	0.342	1	ENSG00000120616	b_memory
10:31618591-10:33419040	ENSG00000170759_cd4_tcm		ENSG00000170759_cd4_tcm		onek1k		10	31009009.0	33056431.0	35	trait	blup		0.0170332666967029	2.7209370134254307e-05	10:31634713-10:33418872	2.2	0.229	1	ENSG00000170759	cd4_tcm
10:31618591-10:33419040	ENSG00000150093_nk		ENSG00000150093_nk		onek1k		10	31900318.0	34005792.0	35	trait	enet		0.0014439678501351	0.1216793471397334	10:31634713-10:33418872	-2.71	0.0834	1	ENSG00000150093	nk
5:114060588-5:115494673	ENSG00000177879_gdt		ENSG00000177879_gdt		onek1k		5	114841858.0	116914081.0	18	trait	enet		0.0023737492101151	0.0720151350993332	5:114063419-5:115493613	-2.29	0.177	1	ENSG00000177879	gdt
7:156272556-7:157841905	ENSG00000105993_gdt		ENSG00000105993_gdt		onek1k		7	156335380.0	158417439.0	31	trait	lasso		0.0021461956678316	0.0821545356174458	7:156274754-7:157838234	2.22	0.0885	1	ENSG00000105993	gdt
7:156272556-7:157841905	ENSG00000105993_cd8_tem		ENSG00000105993_cd8_tem		onek1k		7	156335380.0	158417439.0	31	trait	blup		0.0032405319578161	0.0420601839957847	7:156274754-7:157838234	2.0	0.0575	1	ENSG00000105993	cd8_tem
11:71215246-11:72574973	ENSG00000149357_cd8_tcm		ENSG00000149357_cd8_tcm		onek1k		11	71085894.0	73103387.0	63	trait	lasso		0.017395813307259	2.4063958376850705e-05	11:71217571-11:72571275	2.42	0.0663	1	ENSG00000149357	cd8_tcm
11:72574973-11:74701306	ENSG00000175582_gdt		ENSG00000175582_gdt		onek1k		11	72675637.0	74761137.0	69	trait	blup		0.0094638764355436	0.0016070831335035	11:72580398-11:74700896	-3.65	0.516	1	ENSG00000175582	gdt
11:72574973-11:74701306	ENSG00000175567_cd8_tcm		ENSG00000175567_cd8_tcm		onek1k		11	72974666.0	74983307.0	69	trait	lasso		0.0200877565595818	6.059215862818463e-06	11:72580398-11:74700896	3.06	0.0849	1	ENSG00000175567	cd8_tcm
11:72574973-11:74701306	ENSG00000175567_treg		ENSG00000175567_treg		onek1k		11	72974666.0	74983307.0	69	trait	lasso		0.0075644492867371	0.0042750425976203	11:72580398-11:74700896	2.9	0.0547	1	ENSG00000175567	treg
11:72574973-11:74701306	ENSG00000175567_mait		ENSG00000175567_mait		onek1k		11	72974666.0	74983307.0	69	trait	lasso		0.0018798206204764	0.1089772424549092	11:72580398-11:74700896	2.71	0.0348	1	ENSG00000175567	mait
11:72574973-11:74701306	ENSG00000175567_nk		ENSG00000175567_nk		onek1k		11	72974666.0	74983307.0	69	trait	enet		0.105749375294986	1.6029672448833088e-25	11:72580398-11:74700896	2.5	0.0238	1	ENSG00000175567	nk
22:38911889-22:40149793	ENSG00000100354_cd14_mono		ENSG00000100354_cd14_mono		onek1k		22	39044816.0	41335808.0	39	trait	enet		0.0049484367023207	0.0180625726568754	22:38912771-22:40146186	-2.77	0.183	1	ENSG00000100354	cd14_mono
22:38911889-22:40149793	ENSG00000100354_b_naive		ENSG00000100354_b_naive		onek1k		22	39044816.0	41335808.0	39	trait	lasso		0.0124993467307482	0.0002964276086169	22:38912771-22:40146186	2.73	0.167	1	ENSG00000100354	b_naive
22:40149793-22:42294812	ENSG00000198951_cd14_mono		ENSG00000198951_cd14_mono		onek1k		22	41058456.0	43070842.0	83	trait	lasso		0.0055386926441818	0.0132214724329287	22:40157251-22:42289466	5.82	0.983	1	ENSG00000198951	cd14_mono
22:40149793-22:42294812	ENSG00000100138_nk_cd56bright		ENSG00000100138_nk_cd56bright		onek1k		22	40673929.0	42690504.0	83	trait	enet		0.0027067355911203	0.062410087244552	22:40157251-22:42289466	3.38	0.222	1	ENSG00000100138	nk_cd56bright
22:40149793-22:42294812	ENSG00000100359_b_naive		ENSG00000100359_b_naive		onek1k		22	39370590.0	41410280.0	83	trait	enet		0.011011099112049	0.000643801703983	22:40157251-22:42289466	2.37	0.0947	1	ENSG00000100359	b_naive
22:40149793-22:42294812	ENSG00000100138_cd8_naive		ENSG00000100138_cd8_naive		onek1k		22	40673929.0	42690504.0	83	trait	lasso		0.0041244770576397	0.0266887079237799	22:40157251-22:42289466	4.99	0.0642	1	ENSG00000100138	cd8_naive
22:40149793-22:42294812	ENSG00000100359_nk_cd56bright		ENSG00000100359_nk_cd56bright		onek1k		22	39370590.0	41410280.0	83	trait	lasso		0.001266461125733	0.1420801565422012	22:40157251-22:42289466	-2.78	0.0463	1	ENSG00000100359	nk_cd56bright
22:42294812-22:43318194	ENSG00000184983_b_naive		ENSG00000184983_b_naive		onek1k		22	41085524.0	43090930.0	32	trait	enet		0.0036536593265996	0.033532383749374	22:42296703-22:43316667	2.15	0.0805	1	ENSG00000184983	b_naive
12:65165915-12:66787364	ENSG00000139233_gdt		ENSG00000139233_gdt		onek1k		12	65116554.0	67130750.0	31	trait	lasso		0.0079519245202225	0.0035211357774964	12:65166146-12:66782412	-2.94	0.32	1	ENSG00000139233	gdt
12:65165915-12:66787364	ENSG00000155957_cd4_tcm		ENSG00000155957_cd4_tcm		onek1k		12	65135845.0	67170072.0	31	trait	blup		0.059777022157493	7.091859342289884e-15	12:65166146-12:66782412	2.34	0.0762	1	ENSG00000155957	cd4_tcm
12:67515949-12:69432762	ENSG00000111530_cd4_tcm		ENSG00000111530_cd4_tcm		onek1k		12	66269280.0	68319951.0	47	trait	enet		0.0095248256326322	0.0013677069141718	12:67516075-12:69431043	-2.33	0.075	1	ENSG00000111530	cd4_tcm
3:135738064-3:137652241	ENSG00000158092_gdt		ENSG00000158092_gdt		onek1k		3	135862207.0	137949823.0	25	trait	blup		0.0003719747086373	0.2454147509298979	3:135738428-3:137652193	3.04	0.456	1	ENSG00000158092	gdt
6:31603441-6:32714887	ENSG00000223865_cd4_tcm		ENSG00000223865_cd4_tcm		onek1k		6	32075925.0	34087201.0	88	trait	blup		0.0214702468809481	2.7608274456123928e-06	6:31705864-6:32635974	0.556	1.0	1	ENSG00000223865	cd4_tcm
6:31603441-6:32714887	ENSG00000223865_nk_cd56bright		ENSG00000223865_nk_cd56bright		onek1k		6	32075925.0	34087201.0	88	trait	blup		0.0016354347648938	0.1143926559007274	6:31705864-6:32635974	1.43	0.996	1	ENSG00000223865	nk_cd56bright
6:31603441-6:32714887	ENSG00000231389_treg		ENSG00000231389_treg		onek1k		6	32064568.0	34073772.0	88	trait	blup		1.881379863200028e-05	0.3133048420077983	6:31705864-6:32635974	9.93	0.996	1	ENSG00000231389	treg
6:32714887-6:33268720	ENSG00000223865_cd4_ctl		ENSG00000223865_cd4_ctl		onek1k		6	32075925.0	34087201.0	38	trait	blup		0.0013188974969768	0.1508974287199735	6:32779996-6:33267715	-7.16	0.997	1	ENSG00000223865	cd4_ctl
6:32714887-6:33268720	ENSG00000231389_cd4_ctl		ENSG00000231389_cd4_ctl		onek1k		6	32064568.0	34073772.0	38	trait	blup		7.525629295002112e-05	0.3033387216545003	6:32779996-6:33267715	2.47	0.997	1	ENSG00000231389	cd4_ctl
6:32714887-6:33268720	ENSG00000231389_cd14_mono		ENSG00000231389_cd14_mono		onek1k		6	32064568.0	34073772.0	38	trait	lasso		0.0432565163622118	9.486211180285562e-11	6:32779996-6:33267715	-4.82	0.985	1	ENSG00000231389	cd14_mono
6:33268720-6:35487979	ENSG00000223865_b_memory		ENSG00000223865_b_memory		onek1k		6	32075925.0	34087201.0	77	trait	enet		0.2612967529206634	1.2157351451406053e-65	6:33269881-6:35484790	-4.1	0.777	1	ENSG00000223865	b_memory
6:33268720-6:35487979	ENSG00000064995_nk		ENSG00000064995_nk		onek1k		6	33877777.0	35888089.0	77	trait	lasso		0.0001890704550567	0.2770059958936837	6:33269881-6:35484790	-3.58	0.604	1	ENSG00000064995	nk
6:33268720-6:35487979	ENSG00000112514_b_memory		ENSG00000112514_b_memory		onek1k		6	32416453.0	34418317.0	77	trait	enet		0.0019949004778149	0.0873269727810119	6:33269881-6:35484790	-4.03	0.137	1	ENSG00000112514	b_memory
6:33268720-6:35487979	ENSG00000112514_b_intermediate		ENSG00000112514_b_intermediate		onek1k		6	32416453.0	34418317.0	77	trait	lasso		0.0005841931913337	0.2116298057874281	6:33269881-6:35484790	-2.57	0.11	1	ENSG00000112514	b_intermediate
20:7103426-20:8136364	ENSG00000125827_gdt		ENSG00000125827_gdt		onek1k		20	6977347.0	9019829.0	14	trait	lasso		0.0033641356394132	0.0411066270164333	20:7103595-20:8134628	-2.99	0.579	1	ENSG00000125827	gdt
1:31973084-1:34334157	ENSG00000160058_cd4_tem		ENSG00000160058_cd4_tem		onek1k		1	31365102.0	33394448.0	67	trait	lasso		0.0003479365970111	0.250226285586352	1:31973348-1:34333267	4.09	0.682	1	ENSG00000160058	cd4_tem
1:31973084-1:34334157	ENSG00000160058_cd8_tcm		ENSG00000160058_cd8_tcm		onek1k		1	31365102.0	33394448.0	67	trait	lasso		0.0021181683610488	0.0815620102242923	1:31973348-1:34333267	-3.77	0.384	1	ENSG00000160058	cd8_tcm
1:31973084-1:34334157	ENSG00000184007_gdt		ENSG00000184007_gdt		onek1k		1	30906420.0	32944856.0	67	trait	enet		0.0020622401998575	0.0862747632223622	1:31973348-1:34333267	4.32	0.254	1	ENSG00000184007	gdt
1:31973084-1:34334157	ENSG00000160058_b_memory		ENSG00000160058_b_memory		onek1k		1	31365102.0	33394448.0	67	trait	blup		0.0003366290275736	0.2499898870518953	1:31973348-1:34333267	-4.21	0.244	1	ENSG00000160058	b_memory
1:31973084-1:34334157	ENSG00000084623_cd14_mono		ENSG00000084623_cd14_mono		onek1k		1	31222018.0	33231604.0	67	trait	lasso		0.0010194936837027	0.1633492427864194	1:31973348-1:34333267	-3.68	0.142	1	ENSG00000084623	cd14_mono
1:31973084-1:34334157	ENSG00000182866_cd4_ctl		ENSG00000182866_cd4_ctl		onek1k		1	31251238.0	33286165.0	67	trait	lasso		0.005179582072969	0.0227570777423045	1:31973348-1:34333267	2.7	0.129	1	ENSG00000182866	cd4_ctl
11:93542991-11:94509094	ENSG00000166012_cd16_mono		ENSG00000166012_cd16_mono		onek1k		11	92729969.0	94742898.0	32	trait	lasso		0.0016019364994959	0.1180809646501189	11:93544242-11:94507137	-2.2	0.0895	1	ENSG00000166012	cd16_mono
2:40054343-2:43082452	ENSG00000152518_nk		ENSG00000152518_nk		onek1k		2	42222401.0	44226609.0	32	trait	blup		0.0005261681827279	0.2194992208147128	2:40060581-2:43082246	-4.18	0.856	1	ENSG00000152518	nk
2:40054343-2:43082452	ENSG00000143924_cd8_tcm		ENSG00000143924_cd8_tcm		onek1k		2	41169349.0	43332548.0	32	trait	enet		0.0085721064961767	0.0023429545036333	2:40060581-2:43082246	3.55	0.11	1	ENSG00000143924	cd8_tcm
2:40054343-2:43082452	ENSG00000143924_gdt		ENSG00000143924_gdt		onek1k		2	41169349.0	43332548.0	32	trait	enet		0.0131097422684013	0.0002485060044325	2:40060581-2:43082246	3.09	0.0852	1	ENSG00000143924	gdt
2:40054343-2:43082452	ENSG00000143924_nk		ENSG00000143924_nk		onek1k		2	41169349.0	43332548.0	32	trait	lasso		0.0726686981327578	8.150387994110852e-18	2:40060581-2:43082246	2.3	0.0722	1	ENSG00000143924	nk
2:40054343-2:43082452	ENSG00000115944_nk_cd56bright		ENSG00000115944_nk_cd56bright		onek1k		2	41333545.0	43425088.0	32	trait	lasso		0.0065422826015831	0.0082041696392985	2:40060581-2:43082246	2.32	0.0707	1	ENSG00000115944	nk_cd56bright
2:40054343-2:43082452	ENSG00000115944_treg		ENSG00000115944_treg		onek1k		2	41333545.0	43425088.0	32	trait	lasso		0.0011469314746309	0.149074780951437	2:40060581-2:43082246	3.07	0.0351	1	ENSG00000115944	treg
4:53011266-4:54563389	ENSG00000145216_cd16_mono		ENSG00000145216_cd16_mono		onek1k		4	52377642.0	54458790.0	22	trait	blup		4.546426034435225e-05	0.3078604188295559	4:53015654-4:54561980	2.27	0.143	1	ENSG00000145216	cd16_mono
4:55681477-4:58068842	ENSG00000174780_b_intermediate		ENSG00000174780_b_intermediate		onek1k		4	55466914.0	57503107.0	44	trait	blup		0.0019910961897892	0.0878511202902893	4:55682619-4:58066825	-2.86	0.222	1	ENSG00000174780	b_intermediate
15:43905851-15:46326589	ENSG00000229474_gdt		ENSG00000229474_gdt		onek1k		15	43665731.0	45711316.0	64	trait	enet		0.0164458076224465	4.58740435866416e-05	15:43914373-15:46325986	-3.38	0.422	1	ENSG00000229474	gdt
15:43905851-15:46326589	ENSG00000166710_cd4_ctl		ENSG00000166710_cd4_ctl		onek1k		15	43711476.0	45718877.0	64	trait	lasso		0.0009645778468455	0.1825095570151965	15:43914373-15:46325986	2.93	0.132	1	ENSG00000166710	cd4_ctl
12:129893376-12:131302206	ENSG00000132341_gdt		ENSG00000132341_gdt		onek1k		12	129871878.0	131877678.0	42	trait	lasso		0.0068234475679802	0.0063604553793951	12:129893947-12:131300095	2.52	0.122	1	ENSG00000132341	gdt
3:49279539-3:51797999	ENSG00000145050_gdt		ENSG00000145050_gdt		onek1k		3	50385046.0	52389397.0	83	trait	lasso		0.0025110274110332	0.0665533243569023	3:49286618-3:51772347	-4.84	0.62	1	ENSG00000145050	gdt
3:49279539-3:51797999	ENSG00000164081_b_memory		ENSG00000164081_b_memory		onek1k		3	50671174.0	52704323.0	83	trait	lasso		0.0107119817243857	0.000744134955264	3:49286618-3:51772347	4.79	0.291	1	ENSG00000164081	b_memory
3:49279539-3:51797999	ENSG00000004534_cd4_tcm		ENSG00000004534_cd4_tcm		onek1k		3	48940006.0	51077252.0	83	trait	lasso		0.071322637532419	1.6582506080616133e-17	3:49286618-3:51772347	-4.65	0.265	1	ENSG00000004534	cd4_tcm
3:49279539-3:51797999	ENSG00000004534_cd4_naive		ENSG00000004534_cd4_naive		onek1k		3	48940006.0	51077252.0	83	trait	lasso		0.0157805355943453	5.247356467756153e-05	3:49286618-3:51772347	-4.67	0.254	1	ENSG00000004534	cd4_naive
3:49279539-3:51797999	ENSG00000004534_cd4_ctl		ENSG00000004534_cd4_ctl		onek1k		3	48940006.0	51077252.0	83	trait	blup		0.0057715923754038	0.0172866126933801	3:49286618-3:51772347	-4.86	0.223	1	ENSG00000004534	cd4_ctl
3:49279539-3:51797999	ENSG00000004534_nk		ENSG00000004534_nk		onek1k		3	48940006.0	51077252.0	83	trait	lasso		0.0167470972275505	3.154931055165344e-05	3:49286618-3:51772347	-4.63	0.196	1	ENSG00000004534	nk
3:49279539-3:51797999	ENSG00000004534_gdt		ENSG00000004534_gdt		onek1k		3	48940006.0	51077252.0	83	trait	lasso		5.9084579210222365e-05	0.3044571327336176	3:49286618-3:51772347	-4.29	0.0478	1	ENSG00000004534	gdt
3:51797999-3:54047363	ENSG00000114902_cd16_mono		ENSG00000114902_cd16_mono		onek1k		3	51704954.0	53708448.0	80	trait	blup		0.0002311454557638	0.271914837576941	3:51802912-3:54036605	-4.34	0.951	1	ENSG00000114902	cd16_mono
3:51797999-3:54047363	ENSG00000114902_nk_cd56bright		ENSG00000114902_nk_cd56bright		onek1k		3	51704954.0	53708448.0	80	trait	lasso		0.0106166372420748	0.0010493579091843	3:51802912-3:54036605	2.98	0.0939	1	ENSG00000114902	nk_cd56bright
10:10207433-10:12544798	ENSG00000151465_gdt		ENSG00000151465_gdt		onek1k		10	11196144.0	13250589.0	35	trait	lasso		0.0025017587304071	0.0669077978259511	10:10212040-10:12544238	-2.35	0.1	1	ENSG00000151465	gdt
2:141761033-2:143761915	ENSG00000115919_cd14_mono		ENSG00000115919_cd14_mono		onek1k		2	141877497.0	144055832.0	23	trait	lasso		0.002574251797639	0.0658135879880634	2:141761965-2:143760384	-2.23	0.128	1	ENSG00000115919	cd14_mono
2:143761915-2:145688002	ENSG00000169554_gdt		ENSG00000169554_gdt		onek1k		2	143364363.0	145524583.0	20	trait	blup		0.0010926445483312	0.154400656176182	2:143762736-2:145684278	2.73	0.328	1	ENSG00000169554	gdt
7:54155283-7:55623891	ENSG00000132432_gdt		ENSG00000132432_gdt		onek1k		7	53752249.0	55759974.0	22	trait	lasso		0.0011739247762377	0.1468337956855576	7:54157045-7:55621036	2.08	0.098	1	ENSG00000132432	gdt
12:10328935-12:11601912	ENSG00000060138_cd16_mono		ENSG00000060138_cd16_mono		onek1k		12	9699088.0	11723312.0	59	trait	enet		0.0055651109538512	0.0141104470843824	12:10329751-12:11601181	2.66	0.108	1	ENSG00000060138	cd16_mono
17:36141651-17:38653091	ENSG00000275066_cd4_tcm		ENSG00000275066_cd4_tcm		onek1k		17	36514796.0	38609496.0	72	trait	blup		0.003930274799293	0.0283762263647669	17:36141982-17:38652844	11.1	1.0	1	ENSG00000275066	cd4_tcm
17:36141651-17:38653091	ENSG00000275066_nk		ENSG00000275066_nk		onek1k		17	36514796.0	38609496.0	72	trait	blup		0.0014422567708328	0.1218082813886771	17:36141982-17:38652844	-9.78	1.0	1	ENSG00000275066	nk
2:228506071-2:230978674	ENSG00000067066_cd4_ctl		ENSG00000067066_cd4_ctl		onek1k		2	229415941.0	231544090.0	40	trait	blup		7.792241941761979e-05	0.3028485203028359	2:228506119-2:230971965	3.36	0.557	1	ENSG00000067066	cd4_ctl
2:30240845-2:31327584	ENSG00000213626_cd4_tcm		ENSG00000213626_cd4_tcm		onek1k		2	29231530.0	31323730.0	13	trait	lasso		0.1131314826787078	2.8187942406422974e-27	2:30250567-2:31326432	4.62	0.789	1	ENSG00000213626	cd4_tcm
2:30240845-2:31327584	ENSG00000213626_cd4_naive		ENSG00000213626_cd4_naive		onek1k		2	29231530.0	31323730.0	13	trait	lasso		0.0252941211100841	3.9173205263719923e-07	2:30250567-2:31326432	4.34	0.287	1	ENSG00000213626	cd4_naive
2:31327584-2:33138710	ENSG00000162961_cd8_tcm		ENSG00000162961_cd8_tcm		onek1k		2	31011885.0	33039812.0	34	trait	lasso		0.0022529558828721	0.0753195783219493	2:31327850-2:33138551	-3.54	0.647	1	ENSG00000162961	cd8_tcm
2:31327584-2:33138710	ENSG00000162961_cd4_tcm		ENSG00000162961_cd4_tcm		onek1k		2	31011885.0	33039812.0	34	trait	lasso		0.0003241706253285	0.2519735086397257	2:31327850-2:33138551	2.51	0.107	1	ENSG00000162961	cd4_tcm
2:31327584-2:33138710	ENSG00000162961_cd4_naive		ENSG00000162961_cd4_naive		onek1k		2	31011885.0	33039812.0	34	trait	blup		-0.0007510979254807	0.6006261003723639	2:31327850-2:33138551	-2.7	0.0652	1	ENSG00000162961	cd4_naive
19:32255614-19:33772047	ENSG00000257103_cd4_tcm		ENSG00000257103_cd4_tcm		onek1k		19	33172503.0	35229515.0	41	trait	blup		0.0018766394570147	0.0934193014782475	19:32259123-19:33769013	-7.03	1.0	1	ENSG00000257103	cd4_tcm
19:32255614-19:33772047	ENSG00000257103_b_intermediate		ENSG00000257103_b_intermediate		onek1k		19	33172503.0	35229515.0	41	trait	blup		0.0068763139983782	0.0057517579658373	19:32259123-19:33769013	-0.557	0.179	1	ENSG00000257103	b_intermediate
7:9947872-7:11259571	ENSG00000106443_cd4_tcm		ENSG00000106443_cd4_tcm		onek1k		7	9973871.0	12169630.0	13	trait	lasso		0.017511188174199	2.1254076030625467e-05	7:9949115-7:11259361	3.2	0.428	1	ENSG00000106443	cd4_tcm
7:9947872-7:11259571	ENSG00000106443_gdt		ENSG00000106443_gdt		onek1k		7	9973871.0	12169630.0	13	trait	blup		0.0040136901729738	0.0287014118916323	7:9949115-7:11259361	3.01	0.264	1	ENSG00000106443	gdt
7:9947872-7:11259571	ENSG00000106443_cd14_mono		ENSG00000106443_cd14_mono		onek1k		7	9973871.0	12169630.0	13	trait	blup		0.0001186915269006	0.2923480615947196	7:9949115-7:11259361	2.89	0.206	1	ENSG00000106443	cd14_mono
7:9947872-7:11259571	ENSG00000106443_cd8_tem		ENSG00000106443_cd8_tem		onek1k		7	9973871.0	12169630.0	13	trait	blup		0.000919244421212	0.169551476015254	7:9949115-7:11259361	2.18	0.0667	1	ENSG00000106443	cd8_tem
7:11259571-7:12595836	ENSG00000106443_cd16_mono		ENSG00000106443_cd16_mono		onek1k		7	9973871.0	12169630.0	13	trait	blup		0.0039588032157799	0.0325200467004253	7:11259605-7:12587422	-1.51	0.0823	1	ENSG00000106443	cd16_mono
2:70528066-2:72947719	ENSG00000124383_cd4_tcm		ENSG00000124383_cd4_tcm		onek1k		2	70130313.0	72150101.0	41	trait	blup		0.0008258725110373	0.1800147295771359	2:70528601-2:72933834	2.65	0.161	1	ENSG00000124383	cd4_tcm
5:38802308-5:40287627	ENSG00000164327_b_memory		ENSG00000164327_b_memory		onek1k		5	37937918.0	40074408.0	16	trait	enet		0.0039942845605424	0.0275634822659203	5:38804071-5:40286967	2.15	0.159	1	ENSG00000164327	b_memory
5:40287627-5:41888608	ENSG00000171522_cd4_tcm		ENSG00000171522_cd4_tcm		onek1k		5	39679497.0	41693735.0	18	trait	blup		0.0098830676153151	0.0011318112401417	5:40287885-5:41879600	-2.7	0.306	1	ENSG00000171522	cd4_tcm
5:40287627-5:41888608	ENSG00000171522_cd8_tcm		ENSG00000171522_cd8_tcm		onek1k		5	39679497.0	41693735.0	18	trait	enet		0.0025438512475371	0.0635242896687189	5:40287885-5:41879600	-2.23	0.12	1	ENSG00000171522	cd8_tcm
15:59401917-15:60973637	ENSG00000069667_cd4_naive		ENSG00000069667_cd4_naive		onek1k		15	59488283.0	62229319.0	34	trait	blup		0.0016031604559345	0.1104298096784802	15:59406581-15:60972214	2.53	0.139	1	ENSG00000069667	cd4_naive
15:59401917-15:60973637	ENSG00000069667_mait		ENSG00000069667_mait		onek1k		15	59488283.0	62229319.0	34	trait	lasso		2.3604092665330256e-05	0.3128747632814178	15:59406581-15:60972214	2.11	0.0615	1	ENSG00000069667	mait
15:60973637-15:62923023	ENSG00000069667_cd4_tcm		ENSG00000069667_cd4_tcm		onek1k		15	59488283.0	62229319.0	33	trait	blup		0.0103863677132085	0.0008679949018346	15:60975123-15:62919912	3.32	0.61	1	ENSG00000069667	cd4_tcm
15:62923023-15:64812469	ENSG00000185088_cd4_tcm		ENSG00000185088_cd4_tcm		onek1k		15	62125871.0	64158021.0	42	trait	blup		0.0173390608100102	2.323111986667015e-05	15:62924178-15:64806348	2.73	0.177	1	ENSG00000185088	cd4_tcm
5:71944629-5:74463501	ENSG00000164346_cd4_tcm		ENSG00000164346_cd4_tcm		onek1k		5	73768930.0	75777573.0	50	trait	enet		0.0006839785440797	0.1975684542746922	5:71954583-5:74463185	2.58	0.113	1	ENSG00000164346	cd4_tcm
5:74463501-5:76503041	ENSG00000145703_nk		ENSG00000145703_nk		onek1k		5	75403248.0	77708132.0	47	trait	lasso		0.0057456045675921	0.0103822117036467	5:74466833-5:76501815	2.67	0.144	1	ENSG00000145703	nk
10:26599755-10:29034307	ENSG00000254635_cd16_mono		ENSG00000254635_cd16_mono		onek1k		10	27522651.0	29532492.0	60	trait	lasso		0.0094752131518125	0.0019756668601532	10:26602427-10:29030691	-3.51	0.433	1	ENSG00000254635	cd16_mono
10:26599755-10:29034307	ENSG00000254635_cd14_mono		ENSG00000254635_cd14_mono		onek1k		10	27522651.0	29532492.0	60	trait	blup		0.0120118038726254	0.0004822285861834	10:26602427-10:29030691	-3.32	0.217	1	ENSG00000254635	cd14_mono
10:26599755-10:29034307	ENSG00000095787_cd8_tem		ENSG00000095787_cd8_tem		onek1k		10	27532743.0	29623112.0	60	trait	enet		0.000966393977613	0.1644884262845802	10:26602427-10:29030691	2.59	0.0728	1	ENSG00000095787	cd8_tem
10:26599755-10:29034307	ENSG00000136758_cd4_tcm		ENSG00000136758_cd4_tcm		onek1k		10	26110111.0	28154823.0	60	trait	lasso		0.056971115518152	3.064794461189092e-14	10:26602427-10:29030691	-2.51	0.0614	1	ENSG00000136758	cd4_tcm
10:26599755-10:29034307	ENSG00000136758_cd8_tem		ENSG00000136758_cd8_tem		onek1k		10	26110111.0	28154823.0	60	trait	lasso		0.0164226750903824	3.764225595460749e-05	10:26602427-10:29030691	-2.44	0.0581	1	ENSG00000136758	cd8_tem
10:26599755-10:29034307	ENSG00000136758_b_intermediate		ENSG00000136758_b_intermediate		onek1k		10	26110111.0	28154823.0	60	trait	lasso		-0.0004409943493384	0.4480901063929985	10:26602427-10:29030691	-2.43	0.0543	1	ENSG00000136758	b_intermediate
10:26599755-10:29034307	ENSG00000095787_b_memory		ENSG00000095787_b_memory		onek1k		10	27532743.0	29623112.0	60	trait	blup		-0.0010047135429585	0.8593337322041358	10:26602427-10:29030691	2.33	0.0521	1	ENSG00000095787	b_memory
10:2212306-10:3310507	ENSG00000067082_cd4_tcm		ENSG00000067082_cd4_tcm		onek1k		10	2775995.0	4785281.0	13	trait	blup		0.0066542971428613	0.0063371573670321	10:2213781-10:3310378	-1.4	0.083	1	ENSG00000067082	cd4_tcm
10:3310507-10:4530082	ENSG00000067082_cd4_naive		ENSG00000067082_cd4_naive		onek1k		10	2775995.0	4785281.0	14	trait	blup		0.0173313648650342	2.353896979778729e-05	10:3310566-10:4529263	-3.16	0.396	1	ENSG00000067082	cd4_naive
7:127229167-7:129138332	ENSG00000128524_cd4_tcm		ENSG00000128524_cd4_tcm		onek1k		7	127862825.0	129865844.0	70	trait	lasso		0.0030557624162618	0.0466800440737486	7:127230276-7:129137840	3.67	0.671	1	ENSG00000128524	cd4_tcm
17:74676064-17:76379479	ENSG00000132471_cd4_tcm		ENSG00000132471_cd4_tcm		onek1k		17	74845698.0	76856507.0	92	trait	lasso		-0.0002954079181061	0.3982853229677319	17:74681435-17:76377673	2.7	0.0701	1	ENSG00000132471	cd4_tcm
11:59013076-11:62456299	ENSG00000134825_cd4_tcm		ENSG00000134825_cd4_tcm		onek1k		11	60768500.0	62792636.0	146	trait	lasso		0.1427194060678713	1.887247035212652e-34	11:59014108-11:62456186	-8.05	0.813	1	ENSG00000134825	cd4_tcm
11:59013076-11:62456299	ENSG00000162191_treg		ENSG00000162191_treg		onek1k		11	61676497.0	63679117.0	146	trait	lasso		0.0005459850640866	0.2184963949721769	11:59014108-11:62456186	3.6	0.639	1	ENSG00000162191	treg
11:59013076-11:62456299	ENSG00000134825_cd8_tem		ENSG00000134825_cd8_tem		onek1k		11	60768500.0	62792636.0	146	trait	blup		0.0042657677088694	0.0235648859323125	11:59014108-11:62456186	-8.01	0.324	1	ENSG00000134825	cd8_tem
11:59013076-11:62456299	ENSG00000013725_cd4_tem		ENSG00000013725_cd4_tem		onek1k		11	59971679.0	62020377.0	146	trait	lasso		0.0015644870033065	0.1173237611794628	11:59014108-11:62456186	3.37	0.221	1	ENSG00000013725	cd4_tem
11:59013076-11:62456299	ENSG00000167996_nk_cd56bright		ENSG00000167996_nk_cd56bright		onek1k		11	60959717.0	62967660.0	146	trait	enet		0.0001340616780853	0.2896505048457677	11:59014108-11:62456186	-5.5	0.21	1	ENSG00000167996	nk_cd56bright
11:62456299-11:64037097	ENSG00000168003_cd4_tcm		ENSG00000168003_cd4_tcm		onek1k		11	61856101.0	63888875.0	86	trait	lasso		0.0042803832635225	0.0233155845561114	11:62459994-11:64037033	-3.07	0.198	1	ENSG00000168003	cd4_tcm
11:62456299-11:64037097	ENSG00000162236_b_naive		ENSG00000162236_b_naive		onek1k		11	61806896.0	63832088.0	86	trait	blup		0.002119351209416	0.0812919583566856	11:62459994-11:64037033	2.65	0.0592	1	ENSG00000162236	b_naive
1:5853833-1:7187275	ENSG00000171735_cd4_tcm		ENSG00000171735_cd4_tcm		onek1k		1	5785323.0	8769706.0	32	trait	lasso		0.0040105833257492	0.0271225843214914	1:5857446-1:7186547	-2.27	0.101	1	ENSG00000171735	cd4_tcm
1:7187275-1:9305140	ENSG00000116288_nk		ENSG00000116288_nk		onek1k		1	6954290.0	8985505.0	54	trait	blup		0.0443819034035786	2.1000169399439533e-11	1:7190806-1:9304731	-3.81	0.486	1	ENSG00000116288	nk
1:7187275-1:9305140	ENSG00000074800_cd4_tcm		ENSG00000074800_cd4_tcm		onek1k		1	7861001.0	9879249.0	54	trait	enet		0.0276485572105291	1.1534246248348834e-07	1:7190806-1:9304731	-3.62	0.356	1	ENSG00000074800	cd4_tcm
1:7187275-1:9305140	ENSG00000074800_b_naive		ENSG00000074800_b_naive		onek1k		1	7861001.0	9879249.0	54	trait	lasso		0.0197252800278238	7.143613953680019e-06	1:7190806-1:9304731	-3.56	0.255	1	ENSG00000074800	b_naive
1:7187275-1:9305140	ENSG00000116288_cd4_naive		ENSG00000116288_cd4_naive		onek1k		1	6954290.0	8985505.0	54	trait	blup		0.0034453702481619	0.0374195142037111	1:7190806-1:9304731	-3.6	0.203	1	ENSG00000116288	cd4_naive
1:7187275-1:9305140	ENSG00000116288_cd4_tcm		ENSG00000116288_cd4_tcm		onek1k		1	6954290.0	8985505.0	54	trait	lasso		0.119712113385022	7.48537736587806e-29	1:7190806-1:9304731	-3.11	0.0753	1	ENSG00000116288	cd4_tcm
1:9305140-1:10746927	ENSG00000074800_cd4_ctl		ENSG00000074800_cd4_ctl		onek1k		1	7861001.0	9879249.0	37	trait	blup		-0.0011637397349304	0.8053123222570482	1:9307033-1:10743947	-3.03	0.266	1	ENSG00000074800	cd4_ctl
1:9305140-1:10746927	ENSG00000074800_cd4_naive		ENSG00000074800_cd4_naive		onek1k		1	7861001.0	9879249.0	37	trait	blup		0.0039743064720995	0.0277456043796262	1:9307033-1:10743947	-2.84	0.255	1	ENSG00000074800	cd4_naive
1:9305140-1:10746927	ENSG00000074800_nk_cd56bright		ENSG00000074800_nk_cd56bright		onek1k		1	7861001.0	9879249.0	37	trait	enet		-5.394490890320292e-05	0.3298002050307953	1:9307033-1:10743947	2.97	0.234	1	ENSG00000074800	nk_cd56bright
10:73662792-10:76947056	ENSG00000165637_cd4_tcm		ENSG00000165637_cd4_tcm		onek1k		10	74210153.0	76231448.0	72	trait	blup		0.0025129756401496	0.0639905036661922	10:73663272-10:76936691	-4.14	0.915	1	ENSG00000165637	cd4_tcm
11:116512631-11:117876395	ENSG00000160613_cd4_tcm		ENSG00000160613_cd4_tcm		onek1k		11	116204782.0	118232525.0	38	trait	lasso		0.0404019955764313	1.6367609434407498e-10	11:116516506-11:117876198	5.16	0.959	1	ENSG00000160613	cd4_tcm
11:116512631-11:117876395	ENSG00000168092_cd14_mono		ENSG00000168092_cd14_mono		onek1k		11	116144266.0	118176894.0	38	trait	lasso		0.010394474300706	0.0010892474652096	11:116516506-11:117876198	-1.96	0.0767	1	ENSG00000168092	cd14_mono
11:116512631-11:117876395	ENSG00000160613_cd4_naive		ENSG00000160613_cd4_naive		onek1k		11	116204782.0	118232525.0	38	trait	lasso		0.0055936848125317	0.0113171015602109	11:116516506-11:117876198	4.47	0.049	1	ENSG00000160613	cd4_naive
11:116512631-11:117876395	ENSG00000149577_cd16_mono		ENSG00000149577_cd16_mono		onek1k		11	116178732.0	118197445.0	38	trait	enet		0.0594045628676254	6.7228692208546e-14	11:116516506-11:117876198	2.82	0.0391	1	ENSG00000149577	cd16_mono
11:117876395-11:119344766	ENSG00000110367_nk		ENSG00000110367_nk		onek1k		11	117747765.0	119791147.0	79	trait	enet		0.007518363970733	0.0039799869202568	11:117880139-11:119341075	5.38	0.903	1	ENSG00000110367	nk
11:117876395-11:119344766	ENSG00000118058_cd4_naive		ENSG00000118058_cd4_naive		onek1k		11	117436489.0	119526832.0	79	trait	blup		0.0074680377505493	0.0041058069713625	11:117880139-11:119341075	4.36	0.128	1	ENSG00000118058	cd4_naive
11:117876395-11:119344766	ENSG00000110367_cd8_tem		ENSG00000110367_cd8_tem		onek1k		11	117747765.0	119791147.0	79	trait	lasso		0.0150346613167442	7.721979327445229e-05	11:117880139-11:119341075	4.93	0.0954	1	ENSG00000110367	cd8_tem
11:117876395-11:119344766	ENSG00000118058_b_intermediate		ENSG00000118058_b_intermediate		onek1k		11	117436489.0	119526832.0	79	trait	blup		0.0002559624453808	0.2645395953703245	11:117880139-11:119341075	-3.1	0.0707	1	ENSG00000118058	b_intermediate
1:243946197-1:245343444	ENSG00000203667_nk		ENSG00000203667_nk		onek1k		1	243835321.0	245836520.0	29	trait	lasso		0.0071818292241001	0.0047683806771613	1:243954551-1:245341997	-2.16	0.0744	1	ENSG00000203667	nk
6:157797687-6:160159465	ENSG00000092820_cd4_tcm		ENSG00000092820_cd4_tcm		onek1k		6	157765740.0	159819412.0	56	trait	blup		0.0334251605842349	5.932481381670391e-09	6:157801516-6:160159425	3.43	0.381	1	ENSG00000092820	cd4_tcm
6:157797687-6:160159465	ENSG00000092820_gdt		ENSG00000092820_gdt		onek1k		6	157765740.0	159819412.0	56	trait	blup		0.0067567073896243	0.0065880923068707	6:157801516-6:160159425	-3.25	0.185	1	ENSG00000092820	gdt
6:157797687-6:160159465	ENSG00000146425_cd4_tcm		ENSG00000146425_cd4_tcm		onek1k		6	157636473.0	159644739.0	56	trait	lasso		0.0284781295222714	7.532727238548062e-08	6:157801516-6:160159425	-2.94	0.0986	1	ENSG00000146425	cd4_tcm
6:157797687-6:160159465	ENSG00000092820_nk		ENSG00000092820_nk		onek1k		6	157765740.0	159819412.0	56	trait	lasso		0.003003560365328	0.0481060514252945	6:157801516-6:160159425	-2.78	0.0738	1	ENSG00000092820	nk
6:157797687-6:160159465	ENSG00000092820_cd4_tem		ENSG00000092820_cd4_tem		onek1k		6	157765740.0	159819412.0	56	trait	lasso		0.0035107547561762	0.0389190592534275	6:157801516-6:160159425	-2.78	0.0738	1	ENSG00000092820	cd4_tem
6:157797687-6:160159465	ENSG00000146457_nk		ENSG00000146457_nk		onek1k		6	158725584.0	160756319.0	56	trait	lasso		0.0056626227022781	0.0108638802370775	6:157801516-6:160159425	-2.54	0.0585	1	ENSG00000146457	nk
6:157797687-6:160159465	ENSG00000272047_nk		ENSG00000272047_nk		onek1k		6	157168351.0	159199344.0	56	trait	lasso		0.0099556062919149	0.0010892929427255	6:157801516-6:160159425	2.22	0.0555	1	ENSG00000272047	nk
15:80568637-15:83591716	ENSG00000172349_cd4_tcm		ENSG00000172349_cd4_tcm		onek1k		15	80159574.0	82314058.0	78	trait	enet		0.0325397408879424	9.35082915637492e-09	15:80569636-15:83588895	-3.25	0.309	1	ENSG00000172349	cd4_tcm
17:5838014-17:7414079	ENSG00000219200_b_memory		ENSG00000219200_b_memory		onek1k		17	6012416.0	8014494.0	68	trait	blup		0.0003380928310794	0.2497375858628035	17:5838697-17:7413038	3.69	0.204	1	ENSG00000219200	b_memory
17:5838014-17:7414079	ENSG00000141504_b_memory		ENSG00000141504_b_memory		onek1k		17	6626233.0	8627876.0	68	trait	lasso		0.0037990761010165	0.0307593140641256	17:5838697-17:7413038	-2.73	0.184	1	ENSG00000141504	b_memory
17:5838014-17:7414079	ENSG00000132522_b_naive		ENSG00000132522_b_naive		onek1k		17	6311323.0	8315564.0	68	trait	blup		0.0044882849104399	0.02103171117651	17:5838697-17:7413038	-3.27	0.177	1	ENSG00000132522	b_naive
17:5838014-17:7414079	ENSG00000161960_cd4_tcm		ENSG00000161960_cd4_tcm		onek1k		17	6572705.0	8579005.0	68	trait	blup		0.0045305192048752	0.0202795973387035	17:5838697-17:7413038	3.57	0.121	1	ENSG00000161960	cd4_tcm
17:5838014-17:7414079	ENSG00000132507_cd16_mono		ENSG00000132507_cd16_mono		onek1k		17	6306998.0	8312463.0	68	trait	lasso		0.1119459373404502	2.8136994225559067e-25	17:5838697-17:7413038	2.26	0.0878	1	ENSG00000132507	cd16_mono
17:5838014-17:7414079	ENSG00000132507_cd4_tcm		ENSG00000132507_cd4_tcm		onek1k		17	6306998.0	8312463.0	68	trait	lasso		0.7261975553214612	1.8291271753364347e-274	17:5838697-17:7413038	3.12	0.083	1	ENSG00000132507	cd4_tcm
17:5838014-17:7414079	ENSG00000132507_b_memory		ENSG00000132507_b_memory		onek1k		17	6306998.0	8312463.0	68	trait	lasso		0.146095035702055	3.5152119972654006e-35	17:5838697-17:7413038	3.11	0.0707	1	ENSG00000132507	b_memory
17:5838014-17:7414079	ENSG00000132507_cd8_tcm		ENSG00000132507_cd8_tcm		onek1k		17	6306998.0	8312463.0	68	trait	lasso		0.1923445055362591	1.0407776932739095e-46	17:5838697-17:7413038	3.09	0.0681	1	ENSG00000132507	cd8_tcm
17:5838014-17:7414079	ENSG00000205544_b_naive		ENSG00000205544_b_naive		onek1k		17	6402974.0	8404137.0	68	trait	blup		8.23152056589338e-05	0.2991206001608374	17:5838697-17:7413038	-2.9	0.0538	1	ENSG00000205544	b_naive
17:5838014-17:7414079	ENSG00000141504_nk_cd56bright		ENSG00000141504_nk_cd56bright		onek1k		17	6626233.0	8627876.0	68	trait	blup		0.0013495547613202	0.135248207024435	17:5838697-17:7413038	-3.35	0.053	1	ENSG00000141504	nk_cd56bright
17:5838014-17:7414079	ENSG00000132507_cd8_tem		ENSG00000132507_cd8_tem		onek1k		17	6306998.0	8312463.0	68	trait	lasso		0.6216481813355464	2.6230522087633467e-206	17:5838697-17:7413038	3.03	0.0498	1	ENSG00000132507	cd8_tem
17:5838014-17:7414079	ENSG00000187838_cd4_tcm		ENSG00000187838_cd4_tcm		onek1k		17	6389774.0	8394843.0	68	trait	lasso		0.0658003311770297	3.0293481412909243e-16	17:5838697-17:7413038	2.13	0.0432	1	ENSG00000187838	cd4_tcm
17:5838014-17:7414079	ENSG00000132507_b_intermediate		ENSG00000132507_b_intermediate		onek1k		17	6306998.0	8312463.0	68	trait	lasso		0.1987843320210576	1.9640158937926987e-48	17:5838697-17:7413038	2.99	0.0421	1	ENSG00000132507	b_intermediate
17:5838014-17:7414079	ENSG00000132507_gdt		ENSG00000132507_gdt		onek1k		17	6306998.0	8312463.0	68	trait	lasso		0.1412359760982164	2.973344203567841e-33	17:5838697-17:7413038	3.03	0.0407	1	ENSG00000132507	gdt
17:5838014-17:7414079	ENSG00000132507_cd8_naive		ENSG00000132507_cd8_naive		onek1k		17	6306998.0	8312463.0	68	trait	lasso		0.212297515878799	2.8716559057913453e-51	17:5838697-17:7413038	2.36	0.0364	1	ENSG00000132507	cd8_naive
17:5838014-17:7414079	ENSG00000132507_b_naive		ENSG00000132507_b_naive		onek1k		17	6306998.0	8312463.0	68	trait	lasso		0.262157067416775	9.390379247485285e-66	17:5838697-17:7413038	2.98	0.036	1	ENSG00000132507	b_naive
17:5838014-17:7414079	ENSG00000132507_nk_cd56bright		ENSG00000132507_nk_cd56bright		onek1k		17	6306998.0	8312463.0	68	trait	lasso		0.1255406839834931	1.133521934472149e-28	17:5838697-17:7413038	2.39	0.0354	1	ENSG00000132507	nk_cd56bright
17:5838014-17:7414079	ENSG00000132507_treg		ENSG00000132507_treg		onek1k		17	6306998.0	8312463.0	68	trait	lasso		0.1462799697468292	1.5547448400108819e-34	17:5838697-17:7413038	3.0	0.0353	1	ENSG00000132507	treg
17:5838014-17:7414079	ENSG00000132507_cd14_mono		ENSG00000132507_cd14_mono		onek1k		17	6306998.0	8312463.0	68	trait	lasso		0.0513633285681452	1.7023393339337388e-12	17:5838697-17:7413038	2.99	0.0344	1	ENSG00000132507	cd14_mono
17:5838014-17:7414079	ENSG00000129235_nk		ENSG00000129235_nk		onek1k		17	5640927.0	7643314.0	68	trait	lasso		0.0001945190098127	0.2759380303419081	17:5838697-17:7413038	-2.52	0.0335	1	ENSG00000129235	nk
17:5838014-17:7414079	ENSG00000072818_nk		ENSG00000072818_nk		onek1k		17	6336528.0	8351478.0	68	trait	lasso		0.0221282067077621	1.9679494985345663e-06	17:5838697-17:7413038	3.02	0.0291	1	ENSG00000072818	nk
17:7414079-17:8403107	ENSG00000161960_cd8_tem		ENSG00000161960_cd8_tem		onek1k		17	6572705.0	8579005.0	79	trait	lasso		0.0051428342229042	0.0144921040320128	17:7417663-17:8403074	3.82	0.4	1	ENSG00000161960	cd8_tem
17:7414079-17:8403107	ENSG00000239697_cd14_mono		ENSG00000239697_cd14_mono		onek1k		17	6548890.0	8557819.0	79	trait	blup		0.0016375356821152	0.1127173607426745	17:7417663-17:8403074	-3.5	0.141	1	ENSG00000239697	cd14_mono
17:7414079-17:8403107	ENSG00000072778_cd4_ctl		ENSG00000072778_cd4_ctl		onek1k		17	6217715.0	8225273.0	79	trait	enet		-0.0008707894748352	0.5859108728442893	17:7417663-17:8403074	2.98	0.0296	1	ENSG00000072778	cd4_ctl
3:149325450-3:150534217	ENSG00000198843_cd8_tcm		ENSG00000198843_cd8_tcm		onek1k		3	149602874.0	151630445.0	36	trait	lasso		0.0038034328601807	0.0309576029380247	3:149331272-3:150533002	-2.73	0.193	1	ENSG00000198843	cd8_tcm
3:149325450-3:150534217	ENSG00000114744_gdt		ENSG00000114744_gdt		onek1k		3	148738469.0	150752499.0	36	trait	lasso		0.0072934903866566	0.004968335782965	3:149331272-3:150533002	2.41	0.0982	1	ENSG00000114744	gdt
3:150534217-3:151630942	ENSG00000181788_cd4_tcm		ENSG00000181788_cd4_tcm		onek1k		3	149741126.0	151763477.0	25	trait	blup		0.0013845240056404	0.1262485795926839	3:150541363-3:151627988	-3.81	0.877	1	ENSG00000181788	cd4_tcm
3:150534217-3:151630942	ENSG00000181788_b_naive		ENSG00000181788_b_naive		onek1k		3	149741126.0	151763477.0	25	trait	blup		-0.000379668443688	0.425899424391436	3:150541363-3:151627988	-2.43	0.0396	1	ENSG00000181788	b_naive
1:11717784-1:12719464	ENSG00000028137_nk		ENSG00000028137_nk		onek1k		1	11167038.0	13209228.0	38	trait	blup		0.0005692082747654	0.2132442394644103	1:11718195-1:12719211	-2.51	0.131	1	ENSG00000028137	nk
1:12719464-1:14565015	ENSG00000116731_cd4_tcm		ENSG00000116731_cd4_tcm		onek1k		1	12700197.0	14825079.0	53	trait	lasso		0.0124925353742778	0.0002876630426714	1:12723184-1:14564701	-3.22	0.393	1	ENSG00000116731	cd4_tcm
2:113164279-2:116014894	ENSG00000115091_cd4_tcm		ENSG00000115091_cd4_tcm		onek1k		2	112889959.0	114962596.0	42	trait	lasso		0.0025561560890287	0.0623910841899013	2:113192136-2:116014077	-4.81	0.996	1	ENSG00000115091	cd4_tcm
1:4320751-1:5853833	ENSG00000116251_cd8_naive		ENSG00000116251_cd8_naive		onek1k		1	5181268.0	7209389.0	9	trait	blup		0.0018828527592974	0.0952847050247314	1:4323102-1:5846911	1.09	0.104	1	ENSG00000116251	cd8_naive
1:4320751-1:5853833	ENSG00000069424_cd8_tem		ENSG00000069424_cd8_tem		onek1k		1	4991465.0	7101193.0	9	trait	enet		0.0648526873902283	5.152648677131318e-16	1:4323102-1:5846911	-0.87	0.093	1	ENSG00000069424	cd8_tem
1:4320751-1:5853833	ENSG00000069424_nk		ENSG00000069424_nk		onek1k		1	4991465.0	7101193.0	9	trait	enet		0.072720050439568	7.932364882292782e-18	1:4323102-1:5846911	-0.336	0.0777	1	ENSG00000069424	nk
1:4320751-1:5853833	ENSG00000069424_cd4_naive		ENSG00000069424_cd4_naive		onek1k		1	4991465.0	7101193.0	9	trait	blup		0.043439388656468	3.4949570457809065e-11	1:4323102-1:5846911	0.31	0.0777	1	ENSG00000069424	cd4_naive
1:5853833-1:7187275	ENSG00000215788_cd4_tcm		ENSG00000215788_cd4_tcm		onek1k		1	5461150.0	7466091.0	32	trait	lasso		0.0132953705454295	0.0001892275900336	1:5857446-1:7186547	-3.12	0.464	1	ENSG00000215788	cd4_tcm
1:5853833-1:7187275	ENSG00000069424_cd4_tcm		ENSG00000069424_cd4_tcm		onek1k		1	4991465.0	7101193.0	32	trait	enet		0.1522560568560269	8.186208189708407e-37	1:5857446-1:7186547	-2.33	0.0508	1	ENSG00000069424	cd4_tcm
7:141526757-7:142959223	ENSG00000197448_cd4_tcm		ENSG00000197448_cd4_tcm		onek1k		7	142244092.0	144270754.0	121	trait	blup		0.0369246513524081	9.810179242399626e-10	7:141528565-7:142954903	2.72	0.0665	1	ENSG00000197448	cd4_tcm
20:79838-20:716956	ENSG00000125826_cd4_tcm		ENSG00000125826_cd4_tcm		onek1k		20	-592503.0	1430966.0	20	trait	lasso		0.0067957533096532	0.0058709723054765	20:80655-20:716233	2.24	0.148	1	ENSG00000125826	cd4_tcm
12:23667700-12:25218149	ENSG00000133703_cd4_tcm		ENSG00000133703_cd4_tcm		onek1k		12	24205135.0	26250936.0	23	trait	lasso		0.0031947044617437	0.0430970234528053	12:23674257-12:25217552	2.09	0.104	1	ENSG00000133703	cd4_tcm
18:48413361-18:50204214	ENSG00000177576_cd4_tcm		ENSG00000177576_cd4_tcm		onek1k		18	48477249.0	50487252.0	40	trait	lasso		0.0018574947759129	0.0945053752058746	18:48414926-18:50198724	2.17	0.0627	1	ENSG00000177576	cd4_tcm
18:48413361-18:50204214	ENSG00000265681_mait		ENSG00000265681_mait		onek1k		18	48488452.0	50492523.0	40	trait	lasso		0.0060359666767214	0.0138977640636218	18:48414926-18:50198724	-2.01	0.049	1	ENSG00000265681	mait
5:5973120-5:7143105	ENSG00000133398_cd4_tcm		ENSG00000133398_cd4_tcm		onek1k		5	5371880.0	7378594.0	21	trait	blup		0.0010553930417555	0.1552858733440231	5:5973626-5:7142618	-2.65	0.277	1	ENSG00000133398	cd4_tcm
11:84670229-11:86908259	ENSG00000149196_cd4_tcm		ENSG00000149196_cd4_tcm		onek1k		11	85302210.0	87345931.0	42	trait	blup		0.0151759224337905	7.119038129666446e-05	11:84670426-11:86902079	2.79	0.182	1	ENSG00000149196	cd4_tcm
11:84670229-11:86908259	ENSG00000149196_nk		ENSG00000149196_nk		onek1k		11	85302210.0	87345931.0	42	trait	lasso		0.0114388917422019	0.0004992719631811	11:84670426-11:86902079	2.61	0.117	1	ENSG00000149196	nk
12:11601912-12:12580594	ENSG00000111276_cd4_tcm		ENSG00000111276_cd4_tcm		onek1k		12	11715057.0	13722371.0	17	trait	lasso		0.0261712307191471	2.46339511526796e-07	12:11602728-12:12580047	2.58	0.288	1	ENSG00000111276	cd4_tcm
7:31097675-7:33516156	ENSG00000122643_cd8_naive		ENSG00000122643_cd8_naive		onek1k		7	32014113.0	34062797.0	35	trait	lasso		0.0221917353539679	2.406064080691662e-06	7:31102154-7:33512729	-2.17	0.0683	1	ENSG00000122643	cd8_naive
5:130183332-5:132803957	ENSG00000125347_cd4_ctl		ENSG00000125347_cd4_ctl		onek1k		5	131481608.0	133490798.0	49	trait	blup		0.0006261419602007	0.2200716705127703	5:130185221-5:132801509	-6.58	0.997	1	ENSG00000125347	cd4_ctl
5:130183332-5:132803957	ENSG00000125347_cd4_tcm		ENSG00000125347_cd4_tcm		onek1k		5	131481608.0	133490798.0	49	trait	enet		0.0010424495986107	0.1565726075031716	5:130185221-5:132801509	-5.72	0.617	1	ENSG00000125347	cd4_tcm
13:46856944-13:48809826	ENSG00000136161_cd16_mono		ENSG00000136161_cd16_mono		onek1k		13	47488958.0	49533256.0	29	trait	lasso		0.0041503371573238	0.0293998067360027	13:46859277-13:48807004	2.16	0.082	1	ENSG00000136161	cd16_mono
13:46856944-13:48809826	ENSG00000136156_nk_cd56bright		ENSG00000136156_nk_cd56bright		onek1k		13	47233157.0	49270357.0	29	trait	blup		0.0005495861309389	0.2205881467006883	13:46859277-13:48807004	-2.11	0.0727	1	ENSG00000136156	nk_cd56bright
19:37036131-19:39679979	ENSG00000167642_cd16_mono		ENSG00000167642_cd16_mono		onek1k		19	37244034.0	39292614.0	125	trait	lasso		0.003949924757693	0.0326727905870764	19:37038092-19:39678078	-3.79	0.474	1	ENSG00000167642	cd16_mono
19:37036131-19:39679979	ENSG00000128626_cd16_mono		ENSG00000128626_cd16_mono		onek1k		19	37930896.0	39933162.0	125	trait	enet		0.0002725036189158	0.2646412460084599	19:37038092-19:39678078	3.31	0.103	1	ENSG00000128626	cd16_mono
19:37036131-19:39679979	ENSG00000068903_nk_cd56bright		ENSG00000068903_nk_cd56bright		onek1k		19	37878554.0	39899862.0	125	trait	lasso		0.0006489623886252	0.2071438968808789	19:37038092-19:39678078	3.13	0.0958	1	ENSG00000068903	nk_cd56bright
19:37036131-19:39679979	ENSG00000196235_mait		ENSG00000196235_mait		onek1k		19	38436155.0	40476670.0	125	trait	enet		-0.0010464147041544	0.7225877472673938	19:37038092-19:39678078	2.89	0.0886	1	ENSG00000196235	mait
19:37036131-19:39679979	ENSG00000104824_mait		ENSG00000104824_mait		onek1k		19	37836387.0	39852347.0	125	trait	lasso		0.0005473807384561	0.2276126768839128	19:37038092-19:39678078	-3.15	0.0835	1	ENSG00000104824	mait
13:98286665-13:99921841	ENSG00000134882_cd16_mono		ENSG00000134882_cd16_mono		onek1k		13	98200773.0	100386434.0	39	trait	blup		0.0017268509732858	0.1099273758835929	13:98289698-13:99919905	3.59	0.738	1	ENSG00000134882	cd16_mono
4:138635357-4:140163477	ENSG00000109390_cd16_mono		ENSG00000109390_cd16_mono		onek1k		4	138289916.0	140302551.0	32	trait	lasso		0.0015465367629451	0.1219087024158669	4:138635709-4:140159339	2.26	0.0929	1	ENSG00000109390	cd16_mono
6:108143176-6:109983044	ENSG00000112335_cd16_mono		ENSG00000112335_cd16_mono		onek1k		6	107211221.0	109261260.0	45	trait	blup		0.0021689684066436	0.0856563282135384	6:108145192-6:109982605	3.37	0.542	1	ENSG00000112335	cd16_mono
3:168863172-3:171247120	ENSG00000163584_cd8_tem		ENSG00000163584_cd8_tem		onek1k		3	169864874.0	171870483.0	50	trait	enet		0.0443675069536287	2.1652989540575947e-11	3:168864643-3:171241762	-2.65	0.126	1	ENSG00000163584	cd8_tem
3:171247120-3:172577941	ENSG00000121858_cd16_mono		ENSG00000121858_cd16_mono		onek1k		3	171505507.0	173523507.0	19	trait	lasso		0.0023405117982679	0.0778610853927505	3:171247275-3:172577081	-3.69	0.876	1	ENSG00000121858	cd16_mono
16:29025292-16:31371622	ENSG00000149923_cd16_mono		ENSG00000149923_cd16_mono		onek1k		16	29075977.0	31085377.0	170	trait	lasso		0.0104092228920754	0.0012455466925109	16:29025978-16:31370090	4.33	0.898	1	ENSG00000149923	cd16_mono
16:29025292-16:31371622	ENSG00000089280_b_memory		ENSG00000089280_b_memory		onek1k		16	30180109.0	32194871.0	170	trait	lasso		0.0186574675980488	1.211376033269304e-05	16:29025978-16:31370090	-5.06	0.768	1	ENSG00000089280	b_memory
16:29025292-16:31371622	ENSG00000167397_cd16_mono		ENSG00000167397_cd16_mono		onek1k		16	30090841.0	32095980.0	170	trait	lasso		0.0043780537267815	0.0260908855543807	16:29025978-16:31370090	-4.62	0.0671	1	ENSG00000167397	cd16_mono
16:29025292-16:31371622	ENSG00000103490_cd4_ctl		ENSG00000103490_cd4_ctl		onek1k		16	30201484.0	32202459.0	170	trait	blup		0.0012562106265903	0.1560046463564726	16:29025978-16:31370090	4.59	0.0668	1	ENSG00000103490	cd4_ctl
16:29025292-16:31371622	ENSG00000167397_nk		ENSG00000167397_nk		onek1k		16	30090841.0	32095980.0	170	trait	blup		0.0004282617720099	0.2345639093487008	16:29025978-16:31370090	-4.64	0.0577	1	ENSG00000167397	nk
14:78095602-14:79720236	ENSG00000100603_cd16_mono		ENSG00000100603_cd16_mono		onek1k		14	76717598.0	78761207.0	12	trait	enet		0.0020116295910177	0.0935506691031509	14:78104381-14:79714572	2.17	0.21	1	ENSG00000100603	cd16_mono
9:93909416-9:96159758	ENSG00000148110_cd16_mono		ENSG00000148110_cd16_mono		onek1k		9	93374550.0	95461042.0	55	trait	lasso		0.005345413026336	0.0157968327995342	9:93909589-9:96158277	3.44	0.545	1	ENSG00000148110	cd16_mono
2:84913556-2:87738988	ENSG00000118640_cd16_mono		ENSG00000118640_cd16_mono		onek1k		2	84561561.0	86582031.0	83	trait	blup		0.0034994205508767	0.0414959127401473	2:84913588-2:87557137	-3.51	0.296	1	ENSG00000118640	cd16_mono
2:84913556-2:87738988	ENSG00000152291_gdt		ENSG00000152291_gdt		onek1k		2	84318019.0	86328425.0	83	trait	blup		0.0074142016348613	0.0046637544272794	2:84913588-2:87557137	3.32	0.193	1	ENSG00000152291	gdt
2:84913556-2:87738988	ENSG00000042493_b_memory		ENSG00000042493_b_memory		onek1k		2	84394747.0	86418432.0	83	trait	lasso		0.0269225831143004	1.747085046258987e-07	2:84913588-2:87557137	-3.18	0.102	1	ENSG00000042493	b_memory
2:84913556-2:87738988	ENSG00000168887_cd16_mono		ENSG00000168887_cd16_mono		onek1k		2	84606653.0	86612066.0	83	trait	lasso		-0.0001353324372561	0.3490157711989826	2:84913588-2:87557137	-2.79	0.0865	1	ENSG00000168887	cd16_mono
2:84913556-2:87738988	ENSG00000115523_mait		ENSG00000115523_mait		onek1k		2	84694290.0	86698854.0	83	trait	lasso		0.0790795559658684	6.743487997370759e-17	2:84913588-2:87557137	2.57	0.0608	1	ENSG00000115523	mait
2:84913556-2:87738988	ENSG00000168899_cd8_tem		ENSG00000168899_cd8_tem		onek1k		2	84584407.0	86593412.0	83	trait	lasso		0.0948398516105853	6.250560749489318e-23	2:84913588-2:87557137	-2.33	0.0276	1	ENSG00000168899	cd8_tem
2:84913556-2:87738988	ENSG00000042493_nk_cd56bright		ENSG00000042493_nk_cd56bright		onek1k		2	84394747.0	86418432.0	83	trait	lasso		0.0259239802313587	5.833209123366173e-07	2:84913588-2:87557137	-2.46	0.0214	1	ENSG00000042493	nk_cd56bright
2:84913556-2:87738988	ENSG00000168899_nk		ENSG00000168899_nk		onek1k		2	84584407.0	86593412.0	83	trait	lasso		0.070896067665739	2.0764825478625562e-17	2:84913588-2:87557137	-2.22	0.02	1	ENSG00000168899	nk
3:70399877-3:72480178	ENSG00000114861_cd4_naive		ENSG00000114861_cd4_naive		onek1k		3	69954692.0	72583989.0	26	trait	blup		0.0036670929042271	0.0329947241865402	3:70401635-3:72478611	-2.31	0.13	1	ENSG00000114861	cd4_naive
1:201620847-1:203365606	ENSG00000159388_cd16_mono		ENSG00000159388_cd16_mono		onek1k		1	202305490.0	204309602.0	70	trait	blup		0.0013758912955662	0.1345910758145844	1:201622025-1:203365232	4.3	0.953	1	ENSG00000159388	cd16_mono
1:203365606-1:204711940	ENSG00000182004_cd8_naive		ENSG00000182004_cd8_naive		onek1k		1	202861602.0	204870550.0	39	trait	blup		0.0024751554027737	0.0674265050548403	1:203366505-1:204711859	2.33	0.088	1	ENSG00000182004	cd8_naive
2:38804195-2:40054343	ENSG00000115875_cd4_naive		ENSG00000115875_cd4_naive		onek1k		2	37743598.0	39751494.0	22	trait	lasso		0.0042687139388117	0.0235261305243889	2:38805596-2:40053702	-1.91	0.0821	1	ENSG00000115875	cd4_naive
19:610729-19:2098397	ENSG00000104897_gdt		ENSG00000104897_gdt		onek1k		19	1237793.0	3248679.0	98	trait	blup		0.0014459065006163	0.1243828243486256	19:610847-19:2098015	-3.73	0.459	1	ENSG00000104897	gdt
19:610729-19:2098397	ENSG00000104886_mait		ENSG00000104886_mait		onek1k		19	1233148.0	3237704.0	98	trait	lasso		0.0022912046489417	0.0878678357785813	19:610847-19:2098015	3.5	0.176	1	ENSG00000104886	mait
19:610729-19:2098397	ENSG00000129968_cd16_mono		ENSG00000129968_cd16_mono		onek1k		19	876809.0	2885547.0	98	trait	enet		0.0041071677658854	0.0300747687377385	19:610847-19:2098015	2.92	0.148	1	ENSG00000129968	cd16_mono
19:610729-19:2098397	ENSG00000130332_b_memory		ENSG00000130332_b_memory		onek1k		19	1321516.0	3328614.0	98	trait	blup		0.001176197763395	0.1441680276013952	19:610847-19:2098015	3.19	0.0686	1	ENSG00000130332	b_memory
19:610729-19:2098397	ENSG00000104886_cd8_tem		ENSG00000104886_cd8_tem		onek1k		19	1233148.0	3237704.0	98	trait	blup		0.0002697267311481	0.2617605351175343	19:610847-19:2098015	3.03	0.043	1	ENSG00000104886	cd8_tem
19:610729-19:2098397	ENSG00000127540_nk		ENSG00000127540_nk		onek1k		19	597171.0	2605490.0	98	trait	enet		0.0309982184813636	2.0644564758965645e-08	19:610847-19:2098015	2.28	0.0232	1	ENSG00000127540	nk
19:2098397-19:3019662	ENSG00000099860_b_memory		ENSG00000099860_b_memory		onek1k		19	1476126.0	3478259.0	47	trait	lasso		0.0028774010113451	0.0520134349667143	19:2099820-19:3015481	4.55	0.987	1	ENSG00000099860	b_memory
19:2098397-19:3019662	ENSG00000104897_cd4_tcm		ENSG00000104897_cd4_tcm		onek1k		19	1237793.0	3248679.0	47	trait	blup		0.0070331310543743	0.0051656673077753	19:2099820-19:3015481	-2.36	0.071	1	ENSG00000104897	cd4_tcm
19:2098397-19:3019662	ENSG00000130332_b_intermediate		ENSG00000130332_b_intermediate		onek1k		19	1321516.0	3328614.0	47	trait	lasso		0.0088880923630803	0.001973369064245	19:2099820-19:3015481	-2.4	0.0474	1	ENSG00000130332	b_intermediate
19:4348970-19:5811841	ENSG00000167664_nk_cd56bright		ENSG00000167664_nk_cd56bright		onek1k		19	3292231.0	5302431.0	51	trait	blup		0.0025082754215486	0.0696782753898414	19:4350311-19:5800273	-2.84	0.165	1	ENSG00000167664	nk_cd56bright
19:4348970-19:5811841	ENSG00000074842_cd4_ctl		ENSG00000074842_cd4_ctl		onek1k		19	3657544.0	5670370.0	51	trait	blup		-0.0009382496507055	0.6224649867045782	19:4350311-19:5800273	2.31	0.0514	1	ENSG00000074842	cd4_ctl
19:4348970-19:5811841	ENSG00000167664_nk		ENSG00000167664_nk		onek1k		19	3292231.0	5302431.0	51	trait	enet		-0.0009874795515194	0.8319333768098042	19:4350311-19:5800273	-2.23	0.0492	1	ENSG00000167664	nk
3:187172556-3:189138425	ENSG00000145012_cd16_mono		ENSG00000145012_cd16_mono		onek1k		3	187208197.0	189890671.0	28	trait	lasso		0.0099522686296009	0.0015604716410286	3:187174646-3:189135308	-3.94	0.93	1	ENSG00000145012	cd16_mono
3:187172556-3:189138425	ENSG00000145012_nk		ENSG00000145012_nk		onek1k		3	187208197.0	189890671.0	28	trait	enet		0.0016025292863601	0.1103603136176169	3:187174646-3:189135308	2.34	0.109	1	ENSG00000145012	nk
12:119316305-12:121569746	ENSG00000139725_cd8_tcm		ENSG00000139725_cd8_tcm		onek1k		12	120793150.0	122800677.0	75	trait	blup		0.0041002263497805	0.0262235888032776	12:119316699-12:121569634	-4.88	0.996	1	ENSG00000139725	cd8_tcm
12:121569746-12:124493434	ENSG00000111328_cd16_mono		ENSG00000111328_cd16_mono		onek1k		12	122261483.0	124272334.0	104	trait	lasso		0.0165556949910939	6.227764826072087e-05	12:121571465-12:124483533	6.55	0.999	1	ENSG00000111328	cd16_mono
12:124493434-12:125960959	ENSG00000150991_cd8_naive		ENSG00000150991_cd8_naive		onek1k		12	123911603.0	125917368.0	30	trait	blup		0.0120864539872511	0.0004051094806459	12:124494540-12:125959440	2.78	0.263	1	ENSG00000150991	cd8_naive
6:32714887-6:33268720	ENSG00000231925_treg		ENSG00000231925_treg		onek1k		6	32299693.0	34314387.0	38	trait	blup		0.0058054194511161	0.0108341580478883	6:32779996-6:33267715	6.05	1.0	1	ENSG00000231925	treg
6:33268720-6:35487979	ENSG00000112514_cd16_mono		ENSG00000112514_cd16_mono		onek1k		6	32416453.0	34418317.0	77	trait	lasso		0.0006334323259749	0.2102828731011567	6:33269881-6:35484790	-2.99	0.241	1	ENSG00000112514	cd16_mono
6:33268720-6:35487979	ENSG00000112514_cd4_tcm		ENSG00000112514_cd4_tcm		onek1k		6	32416453.0	34418317.0	77	trait	lasso		0.018071744357623	1.5911377749765977e-05	6:33269881-6:35484790	-2.77	0.114	1	ENSG00000112514	cd4_tcm
6:33268720-6:35487979	ENSG00000112514_cd8_tem		ENSG00000112514_cd8_tem		onek1k		6	32416453.0	34418317.0	77	trait	lasso		0.0072792439727455	0.0045433783334252	6:33269881-6:35484790	-2.47	0.0435	1	ENSG00000112514	cd8_tem
6:33268720-6:35487979	ENSG00000198755_cd8_naive		ENSG00000198755_cd8_naive		onek1k		6	34468407.0	36470785.0	77	trait	lasso		0.0910408109899317	1.2052735938522194e-21	6:33269881-6:35484790	2.62	0.0263	1	ENSG00000198755	cd8_naive
6:35487979-6:37604820	ENSG00000124772_b_intermediate		ENSG00000124772_b_intermediate		onek1k		6	35740774.0	37840002.0	63	trait	blup		0.0009750410878066	0.1641095711769055	6:35488853-6:37604608	-2.21	0.0397	1	ENSG00000124772	b_intermediate
12:112825713-12:113548904	ENSG00000089127_cd16_mono		ENSG00000089127_cd16_mono		onek1k		12	111906776.0	113933222.0	23	trait	blup		0.0339501520029247	1.4628077378822317e-08	12:112838986-12:113548243	-2.94	0.356	1	ENSG00000089127	cd16_mono
12:112825713-12:113548904	ENSG00000111331_cd16_mono		ENSG00000111331_cd16_mono		onek1k		12	111938351.0	113973249.0	23	trait	blup		0.0050182021370465	0.0187020742444833	12:112838986-12:113548243	2.6	0.16	1	ENSG00000111331	cd16_mono
1:9305140-1:10746927	ENSG00000116649_cd16_mono		ENSG00000116649_cd16_mono		onek1k		1	10054588.0	12060024.0	37	trait	blup		0.0024594372796056	0.0729063353621095	1:9307033-1:10743947	-5.36	1.0	1	ENSG00000116649	cd16_mono
9:78464139-9:79976013	ENSG00000106829_cd16_mono		ENSG00000106829_cd16_mono		onek1k		9	78571772.0	80726882.0	13	trait	blup		0.0125409351756091	0.0004378271132215	9:78465639-9:79973725	-1.75	0.116	1	ENSG00000106829	cd16_mono
11:66131160-11:68238358	ENSG00000167792_cd8_tem		ENSG00000167792_cd8_tem		onek1k		11	66606851.0	68612535.0	120	trait	lasso		0.0026910779158759	0.0577550900400401	11:66133336-11:68236389	-2.74	0.0601	1	ENSG00000167792	cd8_tem
11:66131160-11:68238358	ENSG00000006534_cd16_mono		ENSG00000006534_cd16_mono		onek1k		11	67008577.0	69029276.0	120	trait	enet		0.0084675801603855	0.003259113040225	11:66133336-11:68236389	2.63	0.0453	1	ENSG00000006534	cd16_mono
11:68238358-11:69701362	ENSG00000197345_cd16_mono		ENSG00000197345_cd16_mono		onek1k		11	67891275.0	69903835.0	31	trait	blup		0.014068714274119	0.0002079619260604	11:68244558-11:69699946	3.59	0.479	1	ENSG00000197345	cd16_mono
11:68238358-11:69701362	ENSG00000197345_cd8_tcm		ENSG00000197345_cd8_tcm		onek1k		11	67891275.0	69903835.0	31	trait	lasso		0.026733976986291	2.0352254709173363e-07	11:68244558-11:69699946	3.37	0.242	1	ENSG00000197345	cd8_tcm
11:68238358-11:69701362	ENSG00000197345_cd4_tcm		ENSG00000197345_cd4_tcm		onek1k		11	67891275.0	69903835.0	31	trait	lasso		0.2708100703726491	1.4368455768602458e-68	11:68244558-11:69699946	2.87	0.0632	1	ENSG00000197345	cd4_tcm
11:68238358-11:69701362	ENSG00000197345_cd8_tem		ENSG00000197345_cd8_tem		onek1k		11	67891275.0	69903835.0	31	trait	enet		0.0076830895118363	0.0036592041621016	11:68244558-11:69699946	2.82	0.0559	1	ENSG00000197345	cd8_tem
11:68238358-11:69701362	ENSG00000197345_cd8_naive		ENSG00000197345_cd8_naive		onek1k		11	67891275.0	69903835.0	31	trait	lasso		0.0054475576218606	0.0129996617781015	11:68244558-11:69699946	2.71	0.0496	1	ENSG00000197345	cd8_naive
7:91032469-7:92864438	ENSG00000127914_cd8_naive		ENSG00000127914_cd8_naive		onek1k		7	90940866.0	93110673.0	29	trait	lasso		0.0015941003849366	0.113200240060331	7:91033074-7:92861224	2.41	0.132	1	ENSG00000127914	cd8_naive
7:91032469-7:92864438	ENSG00000234545_nk		ENSG00000234545_nk		onek1k		7	91560792.0	93590394.0	29	trait	enet		0.0004686424570682	0.2282047615615324	7:91033074-7:92861224	-2.24	0.117	1	ENSG00000234545	nk
17:66804312-17:69862629	ENSG00000182481_cd16_mono		ENSG00000182481_cd16_mono		onek1k		17	67035518.0	69046842.0	73	trait	blup		0.0001548269482336	0.2860068501349729	17:66805247-17:69861709	-2.57	0.0759	1	ENSG00000182481	cd16_mono
19:52482037-19:54099074	ENSG00000189068_cd16_mono		ENSG00000189068_cd16_mono		onek1k		19	53040824.0	55063953.0	128	trait	lasso		0.0051224206027099	0.0177213486261706	19:52487778-19:54098997	3.41	0.321	1	ENSG00000189068	cd16_mono
8:72904964-8:74532829	ENSG00000104343_cd16_mono		ENSG00000104343_cd16_mono		onek1k		8	72780096.0	74878910.0	40	trait	lasso		0.0005583100738173	0.220396175876754	8:72906869-8:74530344	2.43	0.102	1	ENSG00000104343	cd16_mono
12:55272053-12:57155077	ENSG00000229117_cd4_naive		ENSG00000229117_cd4_naive		onek1k		12	55116585.0	57117943.0	118	trait	blup		0.0144850723110423	0.0001026900282664	12:55272184-12:57154489	-3.96	0.267	1	ENSG00000229117	cd4_naive
12:55272053-12:57155077	ENSG00000257727_cd16_mono		ENSG00000257727_cd16_mono		onek1k		12	55309841.0	57316222.0	118	trait	lasso		0.002653616188463	0.0655273658925494	12:55272184-12:57154489	-8.18	0.185	1	ENSG00000257727	cd16_mono
12:55272053-12:57155077	ENSG00000123329_cd16_mono		ENSG00000123329_cd16_mono		onek1k		12	56472262.0	58488814.0	118	trait	blup		0.0001857310015935	0.2801922023629025	12:55272184-12:57154489	2.87	0.112	1	ENSG00000123329	cd16_mono
12:55272053-12:57155077	ENSG00000197728_cd4_naive		ENSG00000197728_cd4_naive		onek1k		12	55041852.0	57044675.0	118	trait	enet		0.8375628427819852	0.0	12:55272184-12:57154489	8.09	0.111	1	ENSG00000197728	cd4_naive
12:55272053-12:57155077	ENSG00000197728_cd8_naive		ENSG00000197728_cd8_naive		onek1k		12	55041852.0	57044675.0	118	trait	enet		0.757600350958358	6.801019132773418e-294	12:55272184-12:57154489	8.09	0.103	1	ENSG00000197728	cd8_naive
12:55272053-12:57155077	ENSG00000197728_cd8_tcm		ENSG00000197728_cd8_tcm		onek1k		12	55041852.0	57044675.0	118	trait	enet		0.758596645763814	9.337283112099813e-299	12:55272184-12:57154489	8.08	0.102	1	ENSG00000197728	cd8_tcm
12:55272053-12:57155077	ENSG00000197728_cd4_tcm		ENSG00000197728_cd4_tcm		onek1k		12	55041852.0	57044675.0	118	trait	enet		0.8713853272602817	0.0	12:55272184-12:57154489	8.07	0.0963	1	ENSG00000197728	cd4_tcm
12:55272053-12:57155077	ENSG00000197728_gdt		ENSG00000197728_gdt		onek1k		12	55041852.0	57044675.0	118	trait	enet		0.6048102806741105	2.5232673795876264e-192	12:55272184-12:57154489	8.09	0.0894	1	ENSG00000197728	gdt
12:55272053-12:57155077	ENSG00000197728_b_memory		ENSG00000197728_b_memory		onek1k		12	55041852.0	57044675.0	118	trait	enet		0.795993669698676	0.0	12:55272184-12:57154489	8.05	0.0709	1	ENSG00000197728	b_memory
12:55272053-12:57155077	ENSG00000197728_b_intermediate		ENSG00000197728_b_intermediate		onek1k		12	55041852.0	57044675.0	118	trait	enet		0.7987826795927517	0.0	12:55272184-12:57154489	8.04	0.068	1	ENSG00000197728	b_intermediate
12:55272053-12:57155077	ENSG00000196531_cd14_mono		ENSG00000196531_cd14_mono		onek1k		12	55712427.0	57731595.0	118	trait	enet		0.0036712695028646	0.0358771434060474	12:55272184-12:57154489	-2.23	0.062	1	ENSG00000196531	cd14_mono
12:55272053-12:57155077	ENSG00000197728_nk		ENSG00000197728_nk		onek1k		12	55041852.0	57044675.0	118	trait	enet		0.8898976030779708	0.0	12:55272184-12:57154489	7.97	0.0445	1	ENSG00000197728	nk
12:55272053-12:57155077	ENSG00000197728_b_naive		ENSG00000197728_b_naive		onek1k		12	55041852.0	57044675.0	118	trait	enet		0.7531641045269912	1.0067908046926605e-294	12:55272184-12:57154489	7.98	0.0435	1	ENSG00000197728	b_naive
12:55272053-12:57155077	ENSG00000197728_treg		ENSG00000197728_treg		onek1k		12	55041852.0	57044675.0	118	trait	lasso		0.6023298949866838	1.913222117030338e-191	12:55272184-12:57154489	8.0	0.0413	1	ENSG00000197728	treg
12:55272053-12:57155077	ENSG00000197728_cd14_mono		ENSG00000197728_cd14_mono		onek1k		12	55041852.0	57044675.0	118	trait	lasso		0.630036424159647	2.2855744651508364e-202	12:55272184-12:57154489	7.99	0.0373	1	ENSG00000197728	cd14_mono
12:55272053-12:57155077	ENSG00000197728_cd4_ctl		ENSG00000197728_cd4_ctl		onek1k		12	55041852.0	57044675.0	118	trait	lasso		0.5236313752952686	2.6373863802348062e-132	12:55272184-12:57154489	7.95	0.0276	1	ENSG00000197728	cd4_ctl
12:55272053-12:57155077	ENSG00000197728_cd4_tem		ENSG00000197728_cd4_tem		onek1k		12	55041852.0	57044675.0	118	trait	lasso		0.5965460668228802	1.5987558620932363e-185	12:55272184-12:57154489	7.94	0.0268	1	ENSG00000197728	cd4_tem
12:57155077-12:58914885	ENSG00000179912_cd14_mono		ENSG00000179912_cd14_mono		onek1k		12	56253763.0	58431005.0	60	trait	lasso		0.0032841388231661	0.0443445375583283	12:57158183-12:58914286	6.16	0.736	1	ENSG00000179912	cd14_mono
12:57155077-12:58914885	ENSG00000175203_cd16_mono		ENSG00000175203_cd16_mono		onek1k		12	56530148.0	58547331.0	60	trait	blup		0.0011077214774731	0.1576163562467218	12:57158183-12:58914286	5.87	0.53	1	ENSG00000175203	cd16_mono
12:57155077-12:58914885	ENSG00000135506_nk		ENSG00000135506_nk		onek1k		12	56693954.0	58721557.0	60	trait	lasso		0.0048022604690468	0.0174401113936594	12:57158183-12:58914286	-3.36	0.418	1	ENSG00000135506	nk
12:57155077-12:58914885	ENSG00000135506_cd8_naive		ENSG00000135506_cd8_naive		onek1k		12	56693954.0	58721557.0	60	trait	enet		0.0001800863690587	0.2795220898207416	12:57158183-12:58914286	2.68	0.237	1	ENSG00000135506	cd8_naive
12:57155077-12:58914885	ENSG00000175203_b_naive		ENSG00000175203_b_naive		onek1k		12	56530148.0	58547331.0	60	trait	lasso		0.0046867828806718	0.0188443940952352	12:57158183-12:58914286	6.02	0.154	1	ENSG00000175203	b_naive
16:1157206-16:2714828	ENSG00000162032_gdt		ENSG00000162032_gdt		onek1k		16	776711.0	2782820.0	146	trait	lasso		0.008240761228662	0.003029250901727	16:1159731-16:2713729	2.91	0.0668	1	ENSG00000162032	gdt
16:1157206-16:2714828	ENSG00000074071_cd4_tcm		ENSG00000074071_cd4_tcm		onek1k		16	771889.0	2773155.0	146	trait	lasso		0.0094076970688096	0.0014551562727872	16:1159731-16:2713729	-2.73	0.0415	1	ENSG00000074071	cd4_tcm
16:2714828-16:3951195	ENSG00000008517_b_intermediate		ENSG00000008517_b_intermediate		onek1k		16	2065296.0	4082192.0	83	trait	blup		0.0001993151046048	0.2752445486337084	16:2725256-16:3944360	-3.9	0.784	1	ENSG00000008517	b_intermediate
16:2714828-16:3951195	ENSG00000008517_cd4_naive		ENSG00000008517_cd4_naive		onek1k		16	2065296.0	4082192.0	83	trait	enet		0.264690385645878	9.642896436841705e-67	16:2725256-16:3944360	2.46	0.0504	1	ENSG00000008517	cd4_naive
3:175398750-3:176602499	ENSG00000177565_cd16_mono		ENSG00000177565_cd16_mono		onek1k		3	176019339.0	178228000.0	12	trait	blup		0.0031943518642054	0.0488642613282421	3:175399784-3:176602063	-1.74	0.124	1	ENSG00000177565	cd16_mono
10:124109830-10:126312529	ENSG00000107949_cd16_mono		ENSG00000107949_cd16_mono		onek1k		10	124823545.0	126853695.0	42	trait	lasso		0.0138896470735077	0.0002268847482487	10:124114356-10:126312289	-3.0	0.309	1	ENSG00000107949	cd16_mono
11:70855-11:1192365	ENSG00000177156_cd16_mono		ENSG00000177156_cd16_mono		onek1k		11	-252672.0	1765024.0	80	trait	lasso		0.0025740915463583	0.0684480815126902	11:198510-11:1150353	-3.67	0.664	1	ENSG00000177156	cd16_mono
11:70855-11:1192365	ENSG00000185885_cd4_tem		ENSG00000185885_cd4_tem		onek1k		11	-686495.0	1314456.0	80	trait	blup		0.0024336481946036	0.0709319354470002	11:198510-11:1150353	3.0	0.226	1	ENSG00000185885	cd4_tem
11:70855-11:1192365	ENSG00000177156_cd8_naive		ENSG00000177156_cd8_naive		onek1k		11	-252672.0	1765024.0	80	trait	blup		0.0103833740846572	0.0009730305784832	11:198510-11:1150353	3.19	0.119	1	ENSG00000177156	cd8_naive
11:70855-11:1192365	ENSG00000185201_cd16_mono		ENSG00000185201_cd16_mono		onek1k		11	-692370.0	1309395.0	80	trait	enet		0.0620894502745718	1.8162217775139585e-14	11:198510-11:1150353	-2.79	0.0701	1	ENSG00000185201	cd16_mono
11:70855-11:1192365	ENSG00000185885_cd16_mono		ENSG00000185885_cd16_mono		onek1k		11	-686495.0	1314456.0	80	trait	blup		0.0001711870751358	0.2829098661281643	11:198510-11:1150353	-2.65	0.0604	1	ENSG00000185885	cd16_mono
11:70855-11:1192365	ENSG00000142089_cd16_mono		ENSG00000142089_cd16_mono		onek1k		11	-680332.0	1321340.0	80	trait	lasso		0.0640606330544184	6.9356743149734006e-15	11:198510-11:1150353	2.58	0.0464	1	ENSG00000142089	cd16_mono
11:70855-11:1192365	ENSG00000142089_nk		ENSG00000142089_nk		onek1k		11	-680332.0	1321340.0	80	trait	enet		0.2717961522561717	7.455559039392016e-69	11:198510-11:1150353	2.64	0.0428	1	ENSG00000142089	nk
11:70855-11:1192365	ENSG00000142089_nk_cd56bright		ENSG00000142089_nk_cd56bright		onek1k		11	-680332.0	1321340.0	80	trait	lasso		0.0206816603267724	7.470437766848709e-06	11:198510-11:1150353	2.44	0.0367	1	ENSG00000142089	nk_cd56bright
11:70855-11:1192365	ENSG00000142089_cd14_mono		ENSG00000142089_cd14_mono		onek1k		11	-680332.0	1321340.0	80	trait	lasso		0.077487414844073	3.3958135109504413e-18	11:198510-11:1150353	2.42	0.0318	1	ENSG00000142089	cd14_mono
11:70855-11:1192365	ENSG00000185201_cd4_naive		ENSG00000185201_cd4_naive		onek1k		11	-692370.0	1309395.0	80	trait	lasso		0.085671179911158	8.53803665340179e-21	11:198510-11:1150353	-1.91	0.0251	1	ENSG00000185201	cd4_naive
11:1192365-11:3644251	ENSG00000214026_gdt		ENSG00000214026_gdt		onek1k		11	947277.0	2972793.0	97	trait	lasso		0.0015871880953525	0.11424723174318	11:1213806-11:3643778	-3.33	0.271	1	ENSG00000214026	gdt
11:1192365-11:3644251	ENSG00000130592_cd8_tem		ENSG00000130592_cd8_tem		onek1k		11	852969.0	2892267.0	97	trait	lasso		0.0153528972110115	6.548013167024704e-05	11:1213806-11:3643778	-3.0	0.129	1	ENSG00000130592	cd8_tem
11:1192365-11:3644251	ENSG00000214026_nk		ENSG00000214026_nk		onek1k		11	947277.0	2972793.0	97	trait	enet		0.006765139160659	0.0059688116901883	11:1213806-11:3643778	3.12	0.128	1	ENSG00000214026	nk
2:217530757-2:219589829	ENSG00000115649_cd16_mono		ENSG00000115649_cd16_mono		onek1k		2	218171896.0	220177922.0	96	trait	lasso		0.0049162783592499	0.0197154039587826	2:217530943-2:219589594	-3.17	0.176	1	ENSG00000115649	cd16_mono
2:217530757-2:219589829	ENSG00000135929_cd14_mono		ENSG00000135929_cd14_mono		onek1k		2	217781755.0	219815293.0	96	trait	lasso		0.0073591578466764	0.0051243859536462	2:217530943-2:219589594	3.09	0.138	1	ENSG00000135929	cd14_mono
2:217530757-2:219589829	ENSG00000127837_cd14_mono		ENSG00000127837_cd14_mono		onek1k		2	217264122.0	219270257.0	96	trait	lasso		0.0062696791407769	0.0090153741866757	2:217530943-2:219589594	2.3	0.0378	1	ENSG00000127837	cd14_mono
2:219589829-2:221656456	ENSG00000127824_cd14_mono		ENSG00000127824_cd14_mono		onek1k		2	218250337.0	220278170.0	21	trait	lasso		0.0007819977516624	0.1893146296660549	2:219599268-2:221654925	-3.05	0.51	1	ENSG00000127824	cd14_mono
15:76106283-15:78223711	ENSG00000140374_cd8_tem		ENSG00000140374_cd8_tem		onek1k		15	75215354.0	77311472.0	45	trait	blup		0.0034068869813954	0.0382486075588671	15:76107165-15:78203913	2.92	0.251	1	ENSG00000140374	cd8_tem
17:41743558-17:43694719	ENSG00000131469_cd16_mono		ENSG00000131469_cd16_mono		onek1k		17	41998272.0	44002959.0	110	trait	lasso		-0.0001352628976425	0.3489985683698947	17:41744433-17:43570226	-3.27	0.249	1	ENSG00000131469	cd16_mono
6:68813556-6:70899807	ENSG00000112305_cd16_mono		ENSG00000112305_cd16_mono		onek1k		6	69667775.0	71862015.0	20	trait	lasso		0.0046117896622157	0.0230940704061508	6:68815483-6:70899247	2.79	0.299	1	ENSG00000112305	cd16_mono
6:68813556-6:70899807	ENSG00000168216_cd16_mono		ENSG00000168216_cd16_mono		onek1k		6	68675801.0	70797111.0	20	trait	blup		0.0032086199634053	0.0484906291758259	6:68815483-6:70899247	2.46	0.15	1	ENSG00000168216	cd16_mono
6:68813556-6:70899807	ENSG00000168216_b_intermediate		ENSG00000168216_b_intermediate		onek1k		6	68675801.0	70797111.0	20	trait	lasso		-0.0002071212618641	0.3710811673168512	6:68815483-6:70899247	2.28	0.11	1	ENSG00000168216	b_intermediate
17:15115780-17:16509028	ENSG00000187688_cd16_mono		ENSG00000187688_cd16_mono		onek1k		17	15417561.0	17437003.0	58	trait	lasso		0.0047864649267502	0.0210886285165842	17:15115825-17:16508900	-5.75	0.549	1	ENSG00000187688	cd16_mono
17:15115780-17:16509028	ENSG00000141027_cd4_tem		ENSG00000141027_cd4_tem		onek1k		17	15029156.0	17216091.0	58	trait	lasso		0.0016279373074891	0.1130042284702132	17:15115825-17:16508900	-5.52	0.171	1	ENSG00000141027	cd4_tem
17:15115780-17:16509028	ENSG00000011295_cd4_ctl		ENSG00000011295_cd4_ctl		onek1k		17	14999379.0	17045015.0	58	trait	enet		0.0007968660059397	0.2000936335457301	17:15115825-17:16508900	-5.52	0.171	1	ENSG00000011295	cd4_ctl
17:15115780-17:16509028	ENSG00000214941_cd4_tcm		ENSG00000214941_cd4_tcm		onek1k		17	14976559.0	16993830.0	58	trait	lasso		0.0551857552587238	7.764758054167064e-14	17:15115825-17:16508900	-5.4	0.104	1	ENSG00000214941	cd4_tcm
17:15115780-17:16509028	ENSG00000170315_cd4_tem		ENSG00000170315_cd4_tem		onek1k		17	15380797.0	17382745.0	58	trait	blup		0.0006378698815796	0.2071296860749064	17:15115825-17:16508900	-5.11	0.0267	1	ENSG00000170315	cd4_tem
17:15115780-17:16509028	ENSG00000011295_cd4_tcm		ENSG00000011295_cd4_tcm		onek1k		17	14999379.0	17045015.0	58	trait	blup		0.0127605443741452	0.0002500987972323	17:15115825-17:16508900	4.98	0.018	1	ENSG00000011295	cd4_tcm
17:16509028-17:18953007	ENSG00000091542_cd8_naive		ENSG00000091542_cd8_naive		onek1k		17	17183077.0	19209954.0	125	trait	lasso		0.0015069961924693	0.1193071399845343	17:16509917-17:18923818	-4.76	0.938	1	ENSG00000091542	cd8_naive
8:52390370-8:53505484	ENSG00000187735_cd16_mono		ENSG00000187735_cd16_mono		onek1k		8	52966551.0	55022529.0	12	trait	blup		8.060584628688527e-05	0.3006114885348949	8:52390529-8:53501285	1.83	0.137	1	ENSG00000187735	cd16_mono
7:150143569-7:151014417	ENSG00000013374_cd4_naive		ENSG00000013374_cd4_naive		onek1k		7	150341698.0	152378449.0	32	trait	blup		0.0031811616180207	0.0435152087168251	7:150146181-7:151014358	-3.96	0.828	1	ENSG00000013374	cd4_naive
7:150143569-7:151014417	ENSG00000213203_cd4_tem		ENSG00000213203_cd4_tem		onek1k		7	149716556.0	151724284.0	32	trait	enet		0.015315765302361	9.028818391973368e-05	7:150146181-7:151014358	3.69	0.532	1	ENSG00000213203	cd4_tem
7:150143569-7:151014417	ENSG00000179144_cd4_tcm		ENSG00000179144_cd4_tcm		onek1k		7	149514829.0	151521073.0	32	trait	enet		0.0617808880774646	2.488484188399993e-15	7:150146181-7:151014358	-2.43	0.0863	1	ENSG00000179144	cd4_tcm
7:151014417-7:152552721	ENSG00000164897_cd8_tcm		ENSG00000164897_cd8_tcm		onek1k		7	150081079.0	152083546.0	46	trait	lasso		0.000130615791604	0.2889958886482759	7:151016648-7:152551788	-2.6	0.128	1	ENSG00000164897	cd8_tcm
9:87521331-9:89827251	ENSG00000187742_cd4_tem		ENSG00000187742_cd4_tem		onek1k		9	88318505.0	90359662.0	51	trait	enet		0.0038312993895637	0.0326675194965953	9:87524633-9:89824013	-3.6	0.663	1	ENSG00000187742	cd4_tem
6:170014949-6:170742182	ENSG00000071994_cd4_tem		ENSG00000071994_cd4_tem		onek1k		6	169575294.0	171584692.0	20	trait	blup		0.0001959433684597	0.2771777860308636	6:170017929-6:170741331	-2.3	0.162	1	ENSG00000071994	cd4_tem
3:140235755-3:141620255	ENSG00000177311_cd4_tem		ENSG00000177311_cd4_tem		onek1k		3	140324212.0	142449792.0	21	trait	blup		0.0019394350475081	0.0941797480339612	3:140241720-3:141617449	3.27	0.663	1	ENSG00000177311	cd4_tem
1:66473721-1:68012212	ENSG00000142864_cd4_tem		ENSG00000142864_cd4_tem		onek1k		1	66407809.0	68430415.0	28	trait	blup		0.0006260146376176	0.2087086728085364	1:66473921-1:68010127	3.54	0.765	1	ENSG00000142864	cd4_tem
10:33419040-10:34820427	ENSG00000095794_cd4_tem		ENSG00000095794_cd4_tem		onek1k		10	34126790.0	36212958.0	11	trait	blup		0.0010637604720251	0.1586389776097335	10:33420095-10:34817988	-0.555	0.0836	1	ENSG00000095794	cd4_tem
1:204711940-1:206268085	ENSG00000117280_cd16_mono		ENSG00000117280_cd16_mono		onek1k		1	204767985.0	206775460.0	45	trait	blup		0.005425189936799	0.0151617262626743	1:204712905-1:206266889	2.57	0.127	1	ENSG00000117280	cd16_mono
1:206268085-1:208237019	ENSG00000266094_cd4_tem		ENSG00000266094_cd4_tem		onek1k		1	205507529.0	207589448.0	52	trait	enet		0.0005696407423532	0.2164148546039392	1:206269035-1:208236164	-2.76	0.152	1	ENSG00000266094	cd4_tem
10:127356098-10:129046020	ENSG00000132334_cd16_mono		ENSG00000132334_cd16_mono		onek1k		10	126907060.0	129085855.0	14	trait	lasso		0.0012948242258162	0.1411262083673062	10:127356354-10:129043897	2.14	0.17	1	ENSG00000132334	cd16_mono
10:129046020-10:129943063	ENSG00000170430_cd4_tem		ENSG00000170430_cd4_tem		onek1k		10	128467183.0	130768007.0	8	trait	blup		-0.0007579197980651	0.5867412271700139	10:129046407-10:129937722	-1.09	0.118	1	ENSG00000170430	cd4_tem
10:129943063-10:130781981	ENSG00000108010_cd16_mono		ENSG00000108010_cd16_mono		onek1k		10	129136398.0	131184521.0	9	trait	lasso		0.0104484175709793	0.0012217253925617	10:129945003-10:130778452	1.99	0.214	1	ENSG00000108010	cd16_mono
16:72901251-16:74937605	ENSG00000090863_nk		ENSG00000090863_nk		onek1k		16	73447426.0	75607144.0	45	trait	blup		2.7893518412813734e-05	0.311117423861031	16:72907058-16:74936031	-3.6	0.687	1	ENSG00000090863	nk
16:74937605-16:75944056	ENSG00000153774_cd4_tem		ENSG00000153774_cd4_tem		onek1k		16	74293697.0	76433485.0	38	trait	lasso		0.0022260734620063	0.0798408559278835	16:74937643-16:75942896	-3.47	0.454	1	ENSG00000153774	cd4_tem
16:74937605-16:75944056	ENSG00000153774_cd4_ctl		ENSG00000153774_cd4_ctl		onek1k		16	74293697.0	76433485.0	38	trait	lasso		0.0062129651949857	0.0141034150899008	16:74937643-16:75942896	-3.34	0.313	1	ENSG00000153774	cd4_ctl
16:85115079-16:86122993	ENSG00000131143_cd4_tem		ENSG00000131143_cd4_tem		onek1k		16	84798632.0	86807044.0	29	trait	lasso		-0.0004403536882318	0.4423626867226282	16:85115436-16:86122622	4.19	0.858	1	ENSG00000131143	cd4_tem
16:85115079-16:86122993	ENSG00000154102_b_naive		ENSG00000154102_b_naive		onek1k		16	84690083.0	86751129.0	29	trait	blup		0.0067407652924753	0.0061625263054701	16:85115436-16:86122622	-3.86	0.509	1	ENSG00000154102	b_naive
16:85115079-16:86122993	ENSG00000131148_cd16_mono		ENSG00000131148_cd16_mono		onek1k		16	84771757.0	86799608.0	29	trait	blup		0.0042672059268404	0.027650399931845	16:85115436-16:86122622	-3.51	0.355	1	ENSG00000131148	cd16_mono
16:86122993-16:86781805	ENSG00000131143_mait		ENSG00000131143_mait		onek1k		16	84798632.0	86807044.0	25	trait	lasso		0.0127104790579608	0.0006339001199063	16:86123228-16:86781733	-3.21	0.56	1	ENSG00000131143	mait
16:87613743-16:88974757	ENSG00000104731_nk		ENSG00000104731_nk		onek1k		16	86696484.0	88765992.0	51	trait	enet		0.0246189871072755	5.468631595331422e-07	16:87614294-16:88973937	2.67	0.138	1	ENSG00000104731	nk
11:77086163-11:78644013	ENSG00000074201_cd4_tem		ENSG00000074201_cd4_tem		onek1k		11	76514935.0	78637805.0	40	trait	blup		0.0001785996738015	0.2804786642306162	11:77089347-11:78643342	4.48	0.405	1	ENSG00000074201	cd4_tem
11:77086163-11:78644013	ENSG00000048649_treg		ENSG00000048649_treg		onek1k		11	76659995.0	78821017.0	40	trait	blup		0.0006035888024562	0.2104104965828911	11:77089347-11:78643342	4.48	0.397	1	ENSG00000048649	treg
11:77086163-11:78644013	ENSG00000074201_nk		ENSG00000074201_nk		onek1k		11	76514935.0	78637805.0	40	trait	lasso		0.0119980953412901	0.0003725123451545	11:77089347-11:78643342	3.67	0.0819	1	ENSG00000074201	nk
11:77086163-11:78644013	ENSG00000074201_treg		ENSG00000074201_treg		onek1k		11	76514935.0	78637805.0	40	trait	blup		0.0019186599085128	0.0936237019588095	11:77089347-11:78643342	3.53	0.0782	1	ENSG00000074201	treg
11:77086163-11:78644013	ENSG00000048649_nk		ENSG00000048649_nk		onek1k		11	76659995.0	78821017.0	40	trait	lasso		-0.0003156920001583	0.4048415320648627	11:77089347-11:78643342	-2.4	0.0605	1	ENSG00000048649	nk
11:77086163-11:78644013	ENSG00000074201_cd4_tcm		ENSG00000074201_cd4_tcm		onek1k		11	76514935.0	78637805.0	40	trait	lasso		0.0512699869172063	5.939109824330669e-13	11:77089347-11:78643342	3.74	0.052	1	ENSG00000074201	cd4_tcm
11:77086163-11:78644013	ENSG00000151366_cd14_mono		ENSG00000151366_cd14_mono		onek1k		11	77068351.0	79080219.0	40	trait	lasso		0.0040619674695177	0.0290283830292341	11:77089347-11:78643342	-2.28	0.0489	1	ENSG00000151366	cd14_mono
11:77086163-11:78644013	ENSG00000151366_cd4_naive		ENSG00000151366_cd4_naive		onek1k		11	77068351.0	79080219.0	40	trait	lasso		0.001929690871251	0.0905885986454388	11:77089347-11:78643342	-2.32	0.0486	1	ENSG00000151366	cd4_naive
11:77086163-11:78644013	ENSG00000074201_cd14_mono		ENSG00000074201_cd14_mono		onek1k		11	76514935.0	78637805.0	40	trait	blup		0.0004896479968082	0.2281750659744881	11:77089347-11:78643342	2.99	0.0446	1	ENSG00000074201	cd14_mono
11:77086163-11:78644013	ENSG00000151366_b_intermediate		ENSG00000151366_b_intermediate		onek1k		11	77068351.0	79080219.0	40	trait	enet		0.0014971577045128	0.1184227415084852	11:77089347-11:78643342	-3.58	0.0443	1	ENSG00000151366	b_intermediate
11:77086163-11:78644013	ENSG00000048649_cd4_ctl		ENSG00000048649_cd4_ctl		onek1k		11	76659995.0	78821017.0	40	trait	blup		0.0006326300848366	0.2192703930999865	11:77089347-11:78643342	3.0	0.0354	1	ENSG00000048649	cd4_ctl
11:77086163-11:78644013	ENSG00000074201_mait		ENSG00000074201_mait		onek1k		11	76514935.0	78637805.0	40	trait	blup		4.847792516216032e-05	0.3079938036941323	11:77089347-11:78643342	3.77	0.0344	1	ENSG00000074201	mait
11:77086163-11:78644013	ENSG00000151366_nk_cd56bright		ENSG00000151366_nk_cd56bright		onek1k		11	77068351.0	79080219.0	40	trait	lasso		0.0079668345217771	0.0039694013858442	11:77089347-11:78643342	-2.14	0.0333	1	ENSG00000151366	nk_cd56bright
3:120804208-3:122255250	ENSG00000180353_cd4_tem		ENSG00000180353_cd4_tem		onek1k		3	120631398.0	122660927.0	22	trait	lasso		0.005991828223703	0.01031845472199	3:120806790-3:122252204	2.47	0.193	1	ENSG00000180353	cd4_tem
1:38266175-1:39734895	ENSG00000168653_nk		ENSG00000168653_nk		onek1k		1	38026317.0	40034636.0	34	trait	lasso		0.1824625565105242	1.8028743162749724e-44	1:38268397-1:39733733	-4.03	0.85	1	ENSG00000168653	nk
1:38266175-1:39734895	ENSG00000131236_cd4_naive		ENSG00000131236_cd4_naive		onek1k		1	39040232.0	41072649.0	34	trait	blup		0.0011453220458045	0.1467791807675789	1:38268397-1:39733733	2.74	0.292	1	ENSG00000131236	cd4_naive
1:38266175-1:39734895	ENSG00000174574_gdt		ENSG00000174574_gdt		onek1k		1	37991222.0	40006059.0	34	trait	blup		0.0010097311623767	0.1625780461109872	1:38268397-1:39733733	2.67	0.208	1	ENSG00000174574	gdt
1:38266175-1:39734895	ENSG00000131236_cd8_tem		ENSG00000131236_cd8_tem		onek1k		1	39040232.0	41072649.0	34	trait	blup		0.0026400154986409	0.0594998227144546	1:38268397-1:39733733	2.48	0.0878	1	ENSG00000131236	cd8_tem
1:38266175-1:39734895	ENSG00000131236_cd4_tem		ENSG00000131236_cd4_tem		onek1k		1	39040232.0	41072649.0	34	trait	blup		0.0008711372683695	0.1787329405753755	1:38268397-1:39733733	1.72	0.0764	1	ENSG00000131236	cd4_tem
1:38266175-1:39734895	ENSG00000168653_cd8_tem		ENSG00000168653_cd8_tem		onek1k		1	38026317.0	40034636.0	34	trait	enet		0.1234488502228834	1.0075963582096938e-29	1:38268397-1:39733733	-3.24	0.0584	1	ENSG00000168653	cd8_tem
1:38266175-1:39734895	ENSG00000174574_cd4_tcm		ENSG00000174574_cd4_tcm		onek1k		1	37991222.0	40006059.0	34	trait	enet		0.0626621888867811	1.569156312812826e-15	1:38268397-1:39733733	-3.15	0.0436	1	ENSG00000174574	cd4_tcm
1:38266175-1:39734895	ENSG00000174574_nk		ENSG00000174574_nk		onek1k		1	37991222.0	40006059.0	34	trait	blup		0.00229508722363	0.0727561374335519	1:38268397-1:39733733	-2.81	0.0393	1	ENSG00000174574	nk
1:38266175-1:39734895	ENSG00000197982_cd8_tem		ENSG00000197982_cd8_tem		onek1k		1	36806978.0	38809454.0	34	trait	blup		0.0007156757220977	0.1935748611694144	1:38268397-1:39733733	-1.83	0.0272	1	ENSG00000197982	cd8_tem
1:39734895-1:41509656	ENSG00000090621_cd4_tcm		ENSG00000090621_cd4_tcm		onek1k		1	38560815.0	40576790.0	59	trait	blup		0.0167312101902783	3.180964439276608e-05	1:39739058-1:41505022	-3.39	0.335	1	ENSG00000090621	cd4_tcm
1:39734895-1:41509656	ENSG00000084072_nk_cd56bright		ENSG00000084072_nk_cd56bright		onek1k		1	38692181.0	40763914.0	59	trait	blup		0.0043496298944838	0.0256924035339361	1:39739058-1:41505022	-3.3	0.25	1	ENSG00000084072	nk_cd56bright
1:22760390-1:23594100	ENSG00000125944_cd4_naive		ENSG00000125944_cd4_naive		onek1k		1	22303770.0	24344336.0	27	trait	lasso		0.0077313998759879	0.0035658559155594	1:22760900-1:23590651	-4.46	0.889	1	ENSG00000125944	cd4_naive
1:22760390-1:23594100	ENSG00000057757_cd4_tcm		ENSG00000057757_cd4_tcm		onek1k		1	22778404.0	24788232.0	27	trait	blup		0.0061773852125128	0.008206122354012	1:22760900-1:23590651	-3.77	0.0747	1	ENSG00000057757	cd4_tcm
1:22760390-1:23594100	ENSG00000057757_mait		ENSG00000057757_mait		onek1k		1	22778404.0	24788232.0	27	trait	blup		0.000312168741359	0.2617743451680612	1:22760900-1:23590651	3.71	0.0672	1	ENSG00000057757	mait
1:23594100-1:25190354	ENSG00000020633_nk		ENSG00000020633_nk		onek1k		1	23899510.0	25965121.0	43	trait	enet		0.0052172372548235	0.0138698928485296	1:23604370-1:25188940	3.9	0.704	1	ENSG00000020633	nk
1:23594100-1:25190354	ENSG00000133226_cd4_tcm		ENSG00000133226_cd4_tcm		onek1k		1	23631715.0	25673267.0	43	trait	enet		-9.192353743348036e-05	0.340080819584214	1:23604370-1:25188940	2.36	0.307	1	ENSG00000133226	cd4_tcm
1:23594100-1:25190354	ENSG00000183726_cd8_naive		ENSG00000183726_cd8_naive		onek1k		1	24338213.0	26362248.0	43	trait	blup		4.3891702976917024e-05	0.3077077037997854	1:23604370-1:25188940	3.83	0.273	1	ENSG00000183726	cd8_naive
1:23594100-1:25190354	ENSG00000020633_cd8_naive		ENSG00000020633_cd8_naive		onek1k		1	23899510.0	25965121.0	43	trait	lasso		0.0013010908097269	0.1352461868876643	1:23604370-1:25188940	2.78	0.189	1	ENSG00000020633	cd8_naive
1:25190354-1:27075376	ENSG00000117616_cd4_tem		ENSG00000117616_cd4_tem		onek1k		1	24242236.0	26337916.0	81	trait	enet		0.0002329766704085	0.2702912059899946	1:25193009-1:27073924	-5.2	0.959	1	ENSG00000117616	cd4_tem
1:25190354-1:27075376	ENSG00000117614_cd4_ctl		ENSG00000117614_cd4_ctl		onek1k		1	24222678.0	26232502.0	81	trait	blup		0.0005730493803092	0.2267617055002709	1:25193009-1:27073924	4.8	0.609	1	ENSG00000117614	cd4_ctl
1:25190354-1:27075376	ENSG00000169442_cd4_tcm		ENSG00000169442_cd4_tcm		onek1k		1	25317956.0	27320523.0	81	trait	enet		0.2272064953355007	2.4563339770495247e-56	1:25193009-1:27073924	2.93	0.0926	1	ENSG00000169442	cd4_tcm
1:25190354-1:27075376	ENSG00000169442_mait		ENSG00000169442_mait		onek1k		1	25317956.0	27320523.0	81	trait	blup		-0.0004235204499942	0.4217440003583922	1:25193009-1:27073924	3.1	0.0841	1	ENSG00000169442	mait
1:25190354-1:27075376	ENSG00000142669_cd16_mono		ENSG00000142669_cd16_mono		onek1k		1	25279175.0	27281327.0	81	trait	lasso		0.0908035050221349	1.24929632877539e-20	1:25193009-1:27073924	2.66	0.0785	1	ENSG00000142669	cd16_mono
1:25190354-1:27075376	ENSG00000169442_cd4_naive		ENSG00000169442_cd4_naive		onek1k		1	25317956.0	27320523.0	81	trait	lasso		0.121917457393933	2.3555012839733807e-29	1:25193009-1:27073924	2.8	0.0774	1	ENSG00000169442	cd4_naive
14:90830516-14:92665954	ENSG00000015133_cd4_tem		ENSG00000015133_cd4_tem		onek1k		14	90271322.0	92417844.0	30	trait	blup		0.0026912892873486	0.0613260052057902	14:90834860-14:92659010	4.37	0.985	1	ENSG00000015133	cd4_tem
14:90830516-14:92665954	ENSG00000165929_cd8_naive		ENSG00000165929_cd8_naive		onek1k		14	90779750.0	92867536.0	30	trait	lasso		0.0025516594571726	0.0645212216816287	14:90834860-14:92659010	-2.23	0.0964	1	ENSG00000165929	cd8_naive
1:25190354-1:27075376	ENSG00000142765_cd4_tem		ENSG00000142765_cd4_tem		onek1k		1	26342019.0	28353932.0	81	trait	lasso		0.0013434032866602	0.1338639089212935	1:25193009-1:27073924	3.69	0.645	1	ENSG00000142765	cd4_tem
1:25190354-1:27075376	ENSG00000183726_cd4_tem		ENSG00000183726_cd4_tem		onek1k		1	24338213.0	26362248.0	81	trait	lasso		0.002508923903044	0.0679694784094574	1:25193009-1:27073924	-3.22	0.274	1	ENSG00000183726	cd4_tem
1:27075376-1:29689034	ENSG00000126709_cd8_tcm		ENSG00000126709_cd8_tcm		onek1k		1	26666060.0	28672218.0	93	trait	blup		0.0021142968749787	0.0817493383587074	1:27078366-1:29685790	-2.54	0.16	1	ENSG00000126709	cd8_tcm
1:27075376-1:29689034	ENSG00000158195_cd4_tcm		ENSG00000158195_cd4_tcm		onek1k		1	26404225.0	28490158.0	93	trait	lasso		0.0286535163296584	6.883862797301648e-08	1:27078366-1:29685790	1.99	0.129	1	ENSG00000158195	cd4_tcm
1:27075376-1:29689034	ENSG00000198492_cd4_tcm		ENSG00000198492_cd4_tcm		onek1k		1	27736620.0	29769775.0	93	trait	blup		0.0046020490005335	0.0194887974707473	1:27078366-1:29685790	-2.62	0.0524	1	ENSG00000198492	cd4_tcm
1:182786221-1:184626379	ENSG00000162704_cd4_tem		ENSG00000162704_cd4_tem		onek1k		1	182620845.0	184635757.0	30	trait	blup		0.0057666917699986	0.0116144203375319	1:182786953-1:184623559	-3.51	0.705	1	ENSG00000162704	cd4_tem
1:182786221-1:184626379	ENSG00000116701_cd16_mono		ENSG00000116701_cd16_mono		onek1k		1	182555562.0	184590876.0	30	trait	lasso		0.0071920438616249	0.0061742447276117	1:182786953-1:184623559	-1.87	0.0526	1	ENSG00000116701	cd16_mono
5:41888608-5:43983397	ENSG00000177721_cd4_tem		ENSG00000177721_cd4_tem		onek1k		5	42039080.0	44043170.0	49	trait	blup		0.0012467761124405	0.1418957980494225	5:41889050-5:43973081	-2.28	0.0592	1	ENSG00000177721	cd4_tem
5:41888608-5:43983397	ENSG00000177721_nk		ENSG00000177721_nk		onek1k		5	42039080.0	44043170.0	49	trait	blup		0.0158821252389571	4.936719340704548e-05	5:41889050-5:43973081	-2.22	0.0524	1	ENSG00000177721	nk
12:12580594-12:15088550	ENSG00000084463_cd8_tcm		ENSG00000084463_cd8_tcm		onek1k		12	13784578.0	15803540.0	60	trait	blup		0.0039604136194172	0.0283522076554001	12:12586842-12:15084111	3.47	0.549	1	ENSG00000084463	cd8_tcm
12:15088550-12:16157526	ENSG00000111348_cd4_tem		ENSG00000111348_cd4_tem		onek1k		12	13942016.0	15961728.0	14	trait	blup		0.0018143276988742	0.1012935173089466	12:15089416-12:16156604	2.93	0.537	1	ENSG00000111348	cd4_tem
8:108235944-8:109472085	ENSG00000120533_b_naive		ENSG00000120533_b_naive		onek1k		8	108334385.0	110345953.0	14	trait	blup		0.0013413100539344	0.1302521297152145	8:108236003-8:109467962	-2.3	0.21	1	ENSG00000120533	b_naive
8:108235944-8:109472085	ENSG00000104408_cd4_naive		ENSG00000104408_cd4_naive		onek1k		8	107201742.0	109435333.0	14	trait	lasso		0.0008705506099841	0.1749687040125787	8:108236003-8:109467962	-1.98	0.127	1	ENSG00000104408	cd4_naive
1:159943258-1:162376931	ENSG00000186517_cd4_tcm		ENSG00000186517_cd4_tcm		onek1k		1	160046947.0	162069970.0	107	trait	lasso		0.0020621463613625	0.0835688727860781	1:159949651-1:162375916	-3.94	0.879	1	ENSG00000186517	cd4_tcm
1:159943258-1:162376931	ENSG00000186517_nk		ENSG00000186517_nk		onek1k		1	160046947.0	162069970.0	107	trait	lasso		0.0015686222737525	0.1126796220205856	1:159949651-1:162375916	-3.87	0.846	1	ENSG00000186517	nk
1:159943258-1:162376931	ENSG00000215845_cd4_ctl		ENSG00000215845_cd4_ctl		onek1k		1	160037630.0	162038990.0	107	trait	lasso		0.0004792753386282	0.2391851050401088	1:159949651-1:162375916	-2.58	0.0921	1	ENSG00000215845	cd4_ctl
2:239030947-2:240620667	ENSG00000172428_b_naive		ENSG00000172428_b_naive		onek1k		2	239126562.0	241136807.0	30	trait	lasso		0.000122108548119	0.2907001624969993	2:239035853-2:240619908	-3.44	0.694	1	ENSG00000172428	b_naive
2:240620667-2:241210506	ENSG00000122085_cd4_tem		ENSG00000122085_cd4_tem		onek1k		2	240072168.0	242102332.0	20	trait	lasso		0.0034478033463171	0.0402873325598971	2:240620843-2:241209928	2.79	0.357	1	ENSG00000122085	cd4_tem
11:109995390-11:111243672	ENSG00000137714_mait		ENSG00000137714_mait		onek1k		11	109429882.0	111464881.0	13	trait	lasso		0.0009835545807813	0.1773151863247107	11:109995492-11:111243102	-2.36	0.254	1	ENSG00000137714	mait
11:109995390-11:111243672	ENSG00000110777_b_naive		ENSG00000110777_b_naive		onek1k		11	110352251.0	112455630.0	13	trait	lasso		0.0010781128099051	0.1536003732082684	11:109995492-11:111243102	1.75	0.104	1	ENSG00000110777	b_naive
11:111243672-11:112588765	ENSG00000137720_cd8_naive		ENSG00000137720_cd8_naive		onek1k		11	110878934.0	112885975.0	56	trait	blup		0.0014449702051688	0.1238774766254477	11:111246611-11:112588709	3.14	0.24	1	ENSG00000137720	cd8_naive
11:111243672-11:112588765	ENSG00000204370_cd8_naive		ENSG00000204370_cd8_naive		onek1k		11	111086798.0	113120013.0	56	trait	lasso		0.0028628325547123	0.0540063485417427	11:111246611-11:112588709	-2.78	0.116	1	ENSG00000204370	cd8_naive
2:72947719-2:75402960	ENSG00000115307_cd8_tem		ENSG00000115307_cd8_tem		onek1k		2	73526644.0	75529376.0	80	trait	lasso		0.004064461328742	0.0263759768490949	2:72963797-2:75402065	-2.53	0.0541	1	ENSG00000115307	cd8_tem
2:72947719-2:75402960	ENSG00000114978_cd14_mono		ENSG00000114978_cd14_mono		onek1k		2	73152527.0	75178898.0	80	trait	enet		0.0003547350228791	0.2492885168577937	2:72963797-2:75402065	2.5	0.0541	1	ENSG00000114978	cd14_mono
2:72947719-2:75402960	ENSG00000114978_b_naive		ENSG00000114978_b_naive		onek1k		2	73152527.0	75178898.0	80	trait	lasso		0.0016576515743521	0.1072612545510129	2:72963797-2:75402065	2.36	0.0368	1	ENSG00000114978	b_naive
2:207780675-2:209076805	ENSG00000224137_b_naive		ENSG00000224137_b_naive		onek1k		2	206662374.0	208667024.0	26	trait	lasso		0.0128290116966843	0.0002497702289253	2:207781139-2:209075957	3.53	0.775	1	ENSG00000224137	b_naive
12:108632125-12:109898914	ENSG00000139433_cd4_ctl		ENSG00000139433_cd4_ctl		onek1k		12	108850942.0	110880488.0	37	trait	lasso		0.0109519688871441	0.00167061608254	12:108635460-12:109898373	2.51	0.134	1	ENSG00000139433	cd4_ctl
12:109898914-12:112825713	ENSG00000111229_b_naive		ENSG00000111229_b_naive		onek1k		12	109434824.0	111450407.0	72	trait	blup		0.0003334881088423	0.2506524184209858	12:109904198-12:112817847	-3.62	0.533	1	ENSG00000111229	b_naive
12:109898914-12:112825713	ENSG00000186298_b_naive		ENSG00000186298_b_naive		onek1k		12	109719679.0	111742939.0	72	trait	blup		0.0003441479958297	0.2488200484374703	12:109904198-12:112817847	2.85	0.0509	1	ENSG00000186298	b_naive
12:109898914-12:112825713	ENSG00000186298_b_memory		ENSG00000186298_b_memory		onek1k		12	109719679.0	111742939.0	72	trait	enet		0.0007836222658192	0.1853396190229892	12:109904198-12:112817847	2.09	0.0402	1	ENSG00000186298	b_memory
12:109898914-12:112825713	ENSG00000122986_cd16_mono		ENSG00000122986_cd16_mono		onek1k		12	109627840.0	111704950.0	72	trait	lasso		-0.0006194547790971	0.5065223556928016	12:109904198-12:112817847	-2.55	0.0301	1	ENSG00000122986	cd16_mono
12:109898914-12:112825713	ENSG00000186298_cd14_mono		ENSG00000186298_cd14_mono		onek1k		12	109719679.0	111742939.0	72	trait	blup		8.918986410888508e-05	0.2983689660919273	12:109904198-12:112817847	-2.59	0.0275	1	ENSG00000186298	cd14_mono
4:70183435-4:71274841	ENSG00000132465_b_naive		ENSG00000132465_b_naive		onek1k		4	69655540.0	71681817.0	23	trait	enet		0.0023813509742246	0.0696452447568988	4:70234419-4:71271133	-2.58	0.23	1	ENSG00000132465	b_naive
2:87738988-2:88855013	ENSG00000211592_b_naive		ENSG00000211592_b_naive		onek1k		2	87857160.0	89857683.0	26	trait	blup		0.0062182549863674	0.0081670023232746	2:87757996-2:88854303	2.24	0.116	1	ENSG00000211592	b_naive
15:83591716-15:86109674	ENSG00000140612_b_naive		ENSG00000140612_b_naive		onek1k		15	83669537.0	85716716.0	73	trait	blup		0.0004033396443628	0.2389376614314733	15:83596227-15:86109582	-4.45	0.959	1	ENSG00000140612	b_naive
15:83591716-15:86109674	ENSG00000170776_mait		ENSG00000170776_mait		onek1k		15	84380570.0	86749358.0	73	trait	lasso		0.0067243911427538	0.0100316737490916	15:83596227-15:86109582	-2.72	0.0657	1	ENSG00000170776	mait
19:13360313-19:14375535	ENSG00000160888_mait		ENSG00000160888_mait		onek1k		19	12150414.0	14154908.0	39	trait	lasso		0.0128019122020115	0.0006081116885965	19:13361618-19:14372872	1.68	0.0295	1	ENSG00000160888	mait
19:14375535-19:15537799	ENSG00000099797_b_naive		ENSG00000099797_b_naive		onek1k		19	13533932.0	15565980.0	57	trait	lasso		0.0023828877927285	0.069582451884152	19:14375895-19:15534396	-3.31	0.353	1	ENSG00000099797	b_naive
19:14375535-19:15537799	ENSG00000123146_cd4_tem		ENSG00000123146_cd4_tem		onek1k		19	13380500.0	15408725.0	57	trait	blup		0.0001778325711959	0.2806258007260048	19:14375895-19:15534396	-2.81	0.084	1	ENSG00000123146	cd4_tem
19:14375535-19:15537799	ENSG00000123143_b_intermediate		ENSG00000123143_b_intermediate		onek1k		19	13433052.0	15471866.0	57	trait	lasso		0.0074922736456787	0.0041376741507192	19:14375895-19:15534396	-2.46	0.0553	1	ENSG00000123143	b_intermediate
19:14375535-19:15537799	ENSG00000123143_cd4_tem		ENSG00000123143_cd4_tem		onek1k		19	13433052.0	15471866.0	57	trait	blup		0.0029076970927782	0.0543259612854645	19:14375895-19:15534396	-2.42	0.0352	1	ENSG00000123143	cd4_tem
19:14375535-19:15537799	ENSG00000099795_cd8_tem		ENSG00000099795_cd8_tem		onek1k		19	13566077.0	15572062.0	57	trait	blup		0.0069701922195245	0.0053645574742471	19:14375895-19:15534396	-2.27	0.0279	1	ENSG00000099795	cd8_tem
13:44327273-13:45921079	ENSG00000133112_b_naive		ENSG00000133112_b_naive		onek1k		13	44333470.0	46341344.0	39	trait	blup		0.0016863512033902	0.1054076572167336	13:44327751-13:45916016	4.13	0.85	1	ENSG00000133112	b_naive
13:44327273-13:45921079	ENSG00000133112_cd4_tcm		ENSG00000133112_cd4_tcm		onek1k		13	44333470.0	46341344.0	39	trait	blup		0.0001194004969642	0.2911330733362031	13:44327751-13:45916016	3.36	0.0646	1	ENSG00000133112	cd4_tcm
13:44327273-13:45921079	ENSG00000133112_cd8_naive		ENSG00000133112_cd8_naive		onek1k		13	44333470.0	46341344.0	39	trait	blup		0.0036355045809133	0.0349785606720971	13:44327751-13:45916016	3.0	0.0284	1	ENSG00000133112	cd8_naive
13:45921079-13:46856944	ENSG00000136167_cd14_mono		ENSG00000136167_cd14_mono		onek1k		13	45125919.0	47211871.0	23	trait	blup		-0.0003548701197679	0.4128610146282383	13:45924623-13:46853201	-2.85	0.337	1	ENSG00000136167	cd14_mono
13:45921079-13:46856944	ENSG00000123200_nk_cd56bright		ENSG00000123200_nk_cd56bright		onek1k		13	44954464.0	47052759.0	23	trait	lasso		7.725252860857346e-05	0.3010807211361171	13:45924623-13:46853201	-2.19	0.0842	1	ENSG00000123200	nk_cd56bright
20:44051536-20:46210417	ENSG00000166913_b_memory		ENSG00000166913_b_memory		onek1k		20	43885675.0	45908532.0	99	trait	lasso		0.0027695637512936	0.05536226741338	20:44052992-20:46210153	-3.09	0.18	1	ENSG00000166913	b_memory
1:226623159-1:229020501	ENSG00000143761_b_memory		ENSG00000143761_b_memory		onek1k		1	227082659.0	229099212.0	87	trait	blup		0.001969051321964	0.0886886900009227	1:226623678-1:229020078	-2.51	0.057	1	ENSG00000143761	b_memory
5:9718720-5:11173159	ENSG00000112977_b_memory		ENSG00000112977_b_memory		onek1k		5	9679229.0	11761272.0	42	trait	blup		0.0062927443078862	0.0077897580948381	5:9721328-5:11172938	-2.77	0.191	1	ENSG00000112977	b_memory
12:78176790-12:80054370	ENSG00000058272_b_memory		ENSG00000058272_b_memory		onek1k		12	78773562.0	80934900.0	23	trait	blup		0.0003263618467579	0.2517683455607407	12:78177673-12:80049965	3.24	0.467	1	ENSG00000058272	b_memory
12:78176790-12:80054370	ENSG00000058272_cd14_mono		ENSG00000058272_cd14_mono		onek1k		12	78773562.0	80934900.0	23	trait	lasso		0.0036216042545572	0.0368614596705183	12:78177673-12:80049965	3.11	0.336	1	ENSG00000058272	cd14_mono
20:3847766-20:5497204	ENSG00000125779_cd14_mono		ENSG00000125779_cd14_mono		onek1k		20	2888868.0	4926958.0	42	trait	blup		0.0008277933008278	0.1839572172390975	20:3848416-20:5495069	2.54	0.116	1	ENSG00000125779	cd14_mono
2:150874948-2:151630268	ENSG00000162980_b_memory		ENSG00000162980_b_memory		onek1k		2	150788983.0	152828492.0	10	trait	lasso		0.0005760188367834	0.2125285915375317	2:150877992-2:151628355	1.94	0.183	1	ENSG00000162980	b_memory
1:153208353-1:154797927	ENSG00000160710_b_memory		ENSG00000160710_b_memory		onek1k		1	153582061.0	155627999.0	86	trait	blup		0.001766535480107	0.1001893926688709	1:153209588-1:154797062	5.22	0.538	1	ENSG00000160710	b_memory
1:153208353-1:154797927	ENSG00000143549_cd14_mono		ENSG00000143549_cd14_mono		onek1k		1	153155303.0	155194648.0	86	trait	blup		0.0001447006907961	0.2871679946172488	1:153209588-1:154797062	5.01	0.424	1	ENSG00000143549	cd14_mono
1:153208353-1:154797927	ENSG00000143549_cd4_naive		ENSG00000143549_cd4_naive		onek1k		1	153155303.0	155194648.0	86	trait	lasso		-0.0005719300958071	0.5037989286356471	1:153209588-1:154797062	3.53	0.282	1	ENSG00000143549	cd4_naive
1:153208353-1:154797927	ENSG00000143612_mait		ENSG00000143612_mait		onek1k		1	153206705.0	155220637.0	86	trait	lasso		0.0041354147749955	0.0347592189090725	1:153209588-1:154797062	3.32	0.141	1	ENSG00000143612	mait
1:153208353-1:154797927	ENSG00000143575_b_memory		ENSG00000143575_b_memory		onek1k		1	153272510.0	155275875.0	86	trait	lasso		-0.0009976200945576	0.8449710743870322	1:153209588-1:154797062	-4.27	0.102	1	ENSG00000143575	b_memory
1:153208353-1:154797927	ENSG00000143575_cd8_tem		ENSG00000143575_cd8_tem		onek1k		1	153272510.0	155275875.0	86	trait	enet		0.0023093502660307	0.0722467363306882	1:153209588-1:154797062	-2.83	0.0493	1	ENSG00000143575	cd8_tem
1:154797927-1:156366342	ENSG00000163463_cd8_tcm		ENSG00000163463_cd8_tcm		onek1k		1	154169407.0	156173475.0	89	trait	blup		0.0011423457596142	0.1477172590546126	1:154799310-1:156364720	2.54	0.0466	1	ENSG00000163463	cd8_tcm
1:154797927-1:156366342	ENSG00000160783_cd8_naive		ENSG00000160783_cd8_naive		onek1k		1	155212992.0	157240042.0	89	trait	lasso		-0.0007332976427656	0.5806823250634867	1:154799310-1:156364720	-2.43	0.0389	1	ENSG00000160783	cd8_naive
1:154797927-1:156366342	ENSG00000179085_cd16_mono		ENSG00000179085_cd16_mono		onek1k		1	154139890.0	156140595.0	89	trait	blup		0.0004289694540181	0.2392070326818155	1:154799310-1:156364720	2.44	0.0377	1	ENSG00000179085	cd16_mono
3:196244537-3:197349116	ENSG00000180370_cd8_naive		ENSG00000180370_cd8_naive		onek1k		3	195739856.0	197832647.0	41	trait	blup		-0.0010013882271071	0.8202936534444443	3:196245603-3:197346971	-2.39	0.0872	1	ENSG00000180370	cd8_naive
4:73726673-4:76209554	ENSG00000138744_b_memory		ENSG00000138744_b_memory		onek1k		4	74913656.0	76940949.0	55	trait	blup		0.0006520208147579	0.2020643493350425	4:73727223-4:76209438	2.79	0.139	1	ENSG00000138744	b_memory
4:73726673-4:76209554	ENSG00000198301_cd8_naive		ENSG00000198301_cd8_naive		onek1k		4	74941051.0	76990962.0	55	trait	enet		-0.0002195307588044	0.3737430249676214	4:73727223-4:76209438	-2.47	0.0659	1	ENSG00000198301	cd8_naive
2:200711561-2:201953914	ENSG00000064012_cd8_tem		ENSG00000064012_cd8_tem		onek1k		2	200233442.0	202287711.0	55	trait	lasso		0.0010568367079643	0.1552512784967153	2:200711563-2:201943431	-3.01	0.232	1	ENSG00000064012	cd8_tem
2:200711561-2:201953914	ENSG00000064012_mait		ENSG00000064012_mait		onek1k		2	200233442.0	202287711.0	55	trait	enet		-1.2697159116337176e-05	0.3201808096941049	2:200711563-2:201943431	-2.35	0.0459	1	ENSG00000064012	mait
2:201953914-2:204934518	ENSG00000119004_b_memory		ENSG00000119004_b_memory		onek1k		2	202238939.0	204305611.0	64	trait	blup		0.0022281685689887	0.0760107734166196	2:201958201-2:204933578	2.57	0.0847	1	ENSG00000119004	b_memory
3:49279539-3:51797999	ENSG00000114353_gdt		ENSG00000114353_gdt		onek1k		3	49226291.0	51259355.0	83	trait	enet		0.0001123712061081	0.2932276233737494	3:49286618-3:51772347	-2.87	0.0358	1	ENSG00000114353	gdt
3:49279539-3:51797999	ENSG00000068028_cd14_mono		ENSG00000068028_cd14_mono		onek1k		3	49329781.0	51340936.0	83	trait	blup		0.0034698059075052	0.0400488974404472	3:49286618-3:51772347	3.66	0.0321	1	ENSG00000068028	cd14_mono
9:34642246-9:36743286	ENSG00000137133_b_memory		ENSG00000137133_b_memory		onek1k		9	34812959.0	36815354.0	81	trait	lasso		0.001799122545284	0.0982342173978571	9:34646340-9:36741027	-3.4	0.383	1	ENSG00000137133	b_memory
9:34642246-9:36743286	ENSG00000165283_nk_cd56bright		ENSG00000165283_nk_cd56bright		onek1k		9	34099775.0	36103195.0	81	trait	lasso		0.0005091917691839	0.2263484256427785	9:34646340-9:36741027	3.25	0.227	1	ENSG00000165283	nk_cd56bright
9:34642246-9:36743286	ENSG00000213930_cd4_naive		ENSG00000213930_cd4_naive		onek1k		9	33646588.0	35650701.0	81	trait	lasso		0.0129625129245315	0.0002266553710215	9:34646340-9:36741027	2.71	0.0936	1	ENSG00000213930	cd4_naive
9:34642246-9:36743286	ENSG00000165280_cd4_ctl		ENSG00000165280_cd4_ctl		onek1k		9	34056063.0	36073249.0	81	trait	lasso		0.0021322290942793	0.0990830265834099	9:34646340-9:36741027	-2.72	0.0852	1	ENSG00000165280	cd4_ctl
9:36743286-9:38641602	ENSG00000281649_nk		ENSG00000281649_nk		onek1k		9	36079856.0	38090507.0	51	trait	lasso		0.00057830269233	0.2119497866774851	9:36744729-9:38641599	-2.5	0.0919	1	ENSG00000281649	nk
6:115810232-6:117351809	ENSG00000189241_b_memory		ENSG00000189241_b_memory		onek1k		6	115276577.0	117279903.0	32	trait	blup		0.0004975012478266	0.2240210599848596	6:115810997-6:117351354	-3.43	0.671	1	ENSG00000189241	b_memory
22:23370460-22:24588236	ENSG00000099977_b_memory		ENSG00000099977_b_memory		onek1k		22	22973103.0	24980469.0	61	trait	lasso		0.0021157895134005	0.0812515855069109	22:23372142-22:24587303	-2.07	0.0326	1	ENSG00000099977	b_memory
22:24588236-22:26395662	ENSG00000100028_b_memory		ENSG00000100028_b_memory		onek1k		22	23555502.0	25583749.0	54	trait	blup		0.0015934310455038	0.1113144984449471	22:24600438-22:26395302	-4.63	0.991	1	ENSG00000100028	b_memory
14:104535386-14:105874495	ENSG00000213145_cd14_mono		ENSG00000213145_cd14_mono		onek1k		14	104486316.0	106488947.0	77	trait	blup		0.0007380164960892	0.1946313743823507	14:104539474-14:105851037	3.19	0.273	1	ENSG00000213145	cd14_mono
6:13209156-6:14802693	ENSG00000112149_b_memory		ENSG00000112149_b_memory		onek1k		6	13117255.0	15136918.0	26	trait	lasso		0.0155912831655236	5.884332491612532e-05	6:13210958-6:14802687	3.45	0.624	1	ENSG00000112149	b_memory
6:13209156-6:14802693	ENSG00000225921_cd4_tcm		ENSG00000225921_cd4_tcm		onek1k		6	12615326.0	14621205.0	26	trait	blup		0.001335228177943	0.1301824602550551	6:13210958-6:14802687	2.86	0.219	1	ENSG00000225921	cd4_tcm
3:22162752-3:23763374	ENSG00000170142_b_memory		ENSG00000170142_b_memory		onek1k		3	22805902.0	24891316.0	13	trait	blup		0.0029881856992549	0.0487950011702401	3:22163190-3:23762371	-3.68	0.913	1	ENSG00000170142	b_memory
3:22162752-3:23763374	ENSG00000174748_cd4_tem		ENSG00000174748_cd4_tem		onek1k		3	22916715.0	24923692.0	13	trait	lasso		5.575883998909514e-05	0.3053463902962419	3:22163190-3:23762371	-2.59	0.343	1	ENSG00000174748	cd4_tem
3:23763374-3:25420067	ENSG00000174748_treg		ENSG00000174748_treg		onek1k		3	22916715.0	24923692.0	20	trait	blup		0.0016933946609823	0.1069977065021285	3:23763759-3:25418646	2.4	0.179	1	ENSG00000174748	treg
3:23763374-3:25420067	ENSG00000174748_cd4_naive		ENSG00000174748_cd4_naive		onek1k		3	22916715.0	24923692.0	20	trait	enet		0.0110404831293468	0.0006190377140161	3:23763759-3:25418646	2.09	0.101	1	ENSG00000174748	cd4_naive
5:94474279-5:96627815	ENSG00000173221_b_memory		ENSG00000173221_b_memory		onek1k		5	94751318.0	96823005.0	40	trait	blup		6.32957503051701e-05	0.3032263925572179	5:94478881-5:96627628	-2.37	0.0802	1	ENSG00000173221	b_memory
5:94474279-5:96627815	ENSG00000173221_cd8_naive		ENSG00000173221_cd8_naive		onek1k		5	94751318.0	96823005.0	40	trait	blup		0.0030496110362223	0.0485798315008974	5:94478881-5:96627628	2.31	0.0696	1	ENSG00000173221	cd8_naive
5:94474279-5:96627815	ENSG00000173221_cd8_tem		ENSG00000173221_cd8_tem		onek1k		5	94751318.0	96823005.0	40	trait	lasso		0.0047795497933937	0.0177092362751042	5:94478881-5:96627628	-1.93	0.0403	1	ENSG00000173221	cd8_tem
8:10605687-8:11421489	ENSG00000136573_b_intermediate		ENSG00000136573_b_intermediate		onek1k		8	10494000.0	12564604.0	32	trait	lasso		0.0172685522450403	2.5453929642042923e-05	8:10611708-8:11420295	-2.22	0.0876	1	ENSG00000136573	b_intermediate
8:11421489-8:13634266	ENSG00000079459_cd8_tcm		ENSG00000079459_cd8_tcm		onek1k		8	10795572.0	12839309.0	80	trait	lasso		0.0005506627694101	0.2164931917240933	8:11422442-8:13631473	2.98	0.169	1	ENSG00000079459	cd8_tcm
16:25975541-16:27434434	ENSG00000169189_cd8_tcm		ENSG00000169189_cd8_tcm		onek1k		16	26224990.0	28268794.0	19	trait	blup		-0.000512426416815	0.4762614067660664	16:25975935-16:27429237	-7.91	1.0	1	ENSG00000169189	cd8_tcm
16:25975541-16:27434434	ENSG00000169189_cd16_mono		ENSG00000169189_cd16_mono		onek1k		16	26224990.0	28268794.0	19	trait	blup		0.0012654315181057	0.1435829164584279	16:25975935-16:27429237	-4.62	0.459	1	ENSG00000169189	cd16_mono
16:25975541-16:27434434	ENSG00000077238_b_naive		ENSG00000077238_b_naive		onek1k		16	26314101.0	28364778.0	19	trait	lasso		0.0189173794820223	1.0812132842217148e-05	16:25975935-16:27429237	-5.93	0.14	1	ENSG00000077238	b_naive
16:27434434-16:29025292	ENSG00000169189_mait		ENSG00000169189_mait		onek1k		16	26224990.0	28268794.0	68	trait	blup		0.0018614559876679	0.1100407016680929	16:27435038-16:29020294	2.93	0.144	1	ENSG00000169189	mait
16:27434434-16:29025292	ENSG00000213658_nk		ENSG00000213658_nk		onek1k		16	27984825.0	29990783.0	68	trait	lasso		0.0222023323984725	1.8943218540777016e-06	16:27435038-16:29020294	2.55	0.0675	1	ENSG00000213658	nk
6:4617583-6:5791239	ENSG00000214113_cd8_tcm		ENSG00000214113_cd8_tcm		onek1k		6	4102592.0	6260939.0	17	trait	enet		0.0045546324179452	0.0203792321515125	6:4617817-6:5788001	2.02	0.125	1	ENSG00000214113	cd8_tcm
3:154996429-3:156290911	ENSG00000114850_cd8_tcm		ENSG00000114850_cd8_tcm		onek1k		3	155540139.0	157555184.0	25	trait	lasso		0.0020706827051905	0.0838920166750893	3:155001447-3:156290855	2.38	0.152	1	ENSG00000114850	cd8_tcm
3:156290911-3:157594239	ENSG00000163660_treg		ENSG00000163660_treg		onek1k		3	156146507.0	158160760.0	26	trait	lasso		0.0029251734289286	0.052401992048663	3:156291263-3:157593470	2.16	0.104	1	ENSG00000163660	treg
19:80840-19:610729	ENSG00000180448_cd4_tcm		ENSG00000180448_cd4_tcm		onek1k		19	65922.0	2086578.0	30	trait	blup		0.0003540457199575	0.2468202485410165	19:260912-19:607319	2.44	0.129	1	ENSG00000180448	cd4_tcm
19:80840-19:610729	ENSG00000172270_cd16_mono		ENSG00000172270_cd16_mono		onek1k		19	-428724.0	1583493.0	30	trait	lasso		0.0036734066869034	0.0378247464379165	19:260912-19:607319	-1.99	0.0546	1	ENSG00000172270	cd16_mono
19:80840-19:610729	ENSG00000011304_cd4_naive		ENSG00000011304_cd4_naive		onek1k		19	-202926.0	1812327.0	30	trait	enet		0.0059623223449257	0.0092556444904802	19:260912-19:607319	-1.8	0.0445	1	ENSG00000011304	cd4_naive
19:610729-19:2098397	ENSG00000099622_cd8_tcm		ENSG00000099622_cd8_tcm		onek1k		19	259383.0	2274880.0	98	trait	lasso		-0.0009854073581681	0.8163670953464287	19:610847-19:2098015	-4.88	0.261	1	ENSG00000099622	cd8_tcm
19:610729-19:2098397	ENSG00000099817_cd4_tcm		ENSG00000099817_cd4_tcm		onek1k		19	86628.0	2095380.0	98	trait	enet		0.0264204901284526	2.1673454051722814e-07	19:610847-19:2098015	2.9	0.2	1	ENSG00000099817	cd4_tcm
19:610729-19:2098397	ENSG00000115268_cd4_naive		ENSG00000115268_cd4_naive		onek1k		19	438357.0	2440494.0	98	trait	lasso		0.0017370857831494	0.1017702253458657	19:610847-19:2098015	4.77	0.192	1	ENSG00000115268	cd4_naive
19:610729-19:2098397	ENSG00000167470_cd8_tem		ENSG00000167470_cd8_tem		onek1k		19	248552.0	2259140.0	98	trait	lasso		0.0003055329060983	0.2553115992445016	19:610847-19:2098015	-4.77	0.192	1	ENSG00000167470	cd8_tem
19:610729-19:2098397	ENSG00000115286_b_memory		ENSG00000115286_b_memory		onek1k		19	383526.0	2394803.0	98	trait	enet		0.0026601521393937	0.0589942448120262	19:610847-19:2098015	-4.5	0.163	1	ENSG00000115286	b_memory
19:610729-19:2098397	ENSG00000064666_cd8_tem		ENSG00000064666_cd8_tem		onek1k		19	26580.0	2039068.0	98	trait	blup		0.0043578705992677	0.0223840135563464	19:610847-19:2098015	4.5	0.127	1	ENSG00000064666	cd8_tem
19:610729-19:2098397	ENSG00000099817_cd8_tem		ENSG00000099817_cd8_tem		onek1k		19	86628.0	2095380.0	98	trait	blup		0.0023712379514565	0.0696556933484154	19:610847-19:2098015	3.66	0.127	1	ENSG00000099817	cd8_tem
19:610729-19:2098397	ENSG00000064666_cd4_naive		ENSG00000064666_cd4_naive		onek1k		19	26580.0	2039068.0	98	trait	lasso		0.0111148422024355	0.000595357324739	19:610847-19:2098015	4.72	0.111	1	ENSG00000064666	cd4_naive
19:610729-19:2098397	ENSG00000115286_treg		ENSG00000115286_treg		onek1k		19	383526.0	2394803.0	98	trait	lasso		0.0001235815569022	0.2908791188161383	19:610847-19:2098015	-4.09	0.105	1	ENSG00000115286	treg
19:610729-19:2098397	ENSG00000064666_nk		ENSG00000064666_nk		onek1k		19	26580.0	2039068.0	98	trait	lasso		0.0585956736841624	1.313866080686463e-14	19:610847-19:2098015	4.02	0.0674	1	ENSG00000064666	nk
19:610729-19:2098397	ENSG00000115286_cd4_ctl		ENSG00000115286_cd4_ctl		onek1k		19	383526.0	2394803.0	98	trait	enet		0.0120200552229522	0.0010418474809266	19:610847-19:2098015	-3.15	0.0512	1	ENSG00000115286	cd4_ctl
19:610729-19:2098397	ENSG00000070423_cd8_tcm		ENSG00000070423_cd8_tcm		onek1k		19	-352475.0	1663277.0	98	trait	blup		0.0002724031290607	0.2615818956765524	19:610847-19:2098015	2.8	0.0371	1	ENSG00000070423	cd8_tcm
19:610729-19:2098397	ENSG00000167468_cd4_tcm		ENSG00000167468_cd4_tcm		onek1k		19	103925.0	2106790.0	98	trait	enet		0.2371404814471784	4.617231966659998e-59	19:610847-19:2098015	-3.21	0.0371	1	ENSG00000167468	cd4_tcm
18:1942910-18:3891658	ENSG00000101596_cd8_tcm		ENSG00000101596_cd8_tcm		onek1k		18	1655737.0	3805017.0	44	trait	enet		0.0001203093341428	0.2911268492725868	18:1944400-18:3890554	-2.03	0.0449	1	ENSG00000101596	cd8_tcm
2:98378738-2:101205867	ENSG00000071082_cd14_mono		ENSG00000071082_cd14_mono		onek1k		2	100002244.0	102024032.0	47	trait	lasso		0.0028658711467342	0.0558980128962516	2:98382886-2:101201669	3.39	0.524	1	ENSG00000071082	cd14_mono
2:98378738-2:101205867	ENSG00000158411_cd8_tcm		ENSG00000158411_cd8_tcm		onek1k		2	98161426.0	100181058.0	47	trait	lasso		0.0027636116921313	0.0559241014209247	2:98382886-2:101201669	-3.37	0.359	1	ENSG00000158411	cd8_tcm
2:98378738-2:101205867	ENSG00000158411_b_memory		ENSG00000158411_b_memory		onek1k		2	98161426.0	100181058.0	47	trait	lasso		0.0038466343888655	0.0299467973419616	2:98382886-2:101201669	3.21	0.21	1	ENSG00000158411	b_memory
2:98378738-2:101205867	ENSG00000158417_nk		ENSG00000158417_nk		onek1k		2	98337352.0	100400474.0	47	trait	lasso		7.670183657026985e-05	0.3002458586656551	2:98382886-2:101201669	2.87	0.0985	1	ENSG00000158417	nk
17:78267332-17:79302554	ENSG00000184557_cd8_tcm		ENSG00000184557_cd8_tcm		onek1k		17	77356777.0	79360077.0	28	trait	lasso		0.005900651708391	0.0097642564873974	17:78268294-17:79302149	3.13	0.407	1	ENSG00000184557	cd8_tcm
17:78267332-17:79302554	ENSG00000184557_treg		ENSG00000184557_treg		onek1k		17	77356777.0	79360077.0	28	trait	blup		0.0039244830237887	0.0300054928688472	17:78268294-17:79302149	2.85	0.204	1	ENSG00000184557	treg
5:11940-5:982137	ENSG00000073578_cd8_tcm		ENSG00000073578_cd8_tcm		onek1k		5	-781760.0	1256700.0	32	trait	blup		0.0072621871742868	0.0046972642868627	5:12225-5:981019	2.36	0.195	1	ENSG00000073578	cd8_tcm
5:11940-5:982137	ENSG00000073578_cd8_naive		ENSG00000073578_cd8_naive		onek1k		5	-781760.0	1256700.0	32	trait	blup		0.0036206283917796	0.0352692988072199	5:12225-5:981019	-2.19	0.153	1	ENSG00000073578	cd8_naive
11:1192365-11:3644251	ENSG00000214026_cd4_tcm		ENSG00000214026_cd4_tcm		onek1k		11	947277.0	2972793.0	97	trait	enet		0.0056304969905913	0.0110564443490704	11:1213806-11:3643778	2.41	0.041	1	ENSG00000214026	cd4_tcm
10:118831841-10:120647811	ENSG00000148908_cd8_tcm		ENSG00000148908_cd8_tcm		onek1k		10	118499827.0	120542708.0	34	trait	blup		0.0018167660409798	0.097636495467885	10:118834991-10:120645820	3.11	0.39	1	ENSG00000148908	cd8_tcm
10:118831841-10:120647811	ENSG00000107581_b_naive		ENSG00000107581_b_naive		onek1k		10	118033732.0	120080823.0	34	trait	blup		0.0038374848830194	0.0302363794991718	10:118834991-10:120645820	2.4	0.0668	1	ENSG00000107581	b_naive
10:118831841-10:120647811	ENSG00000148908_cd16_mono		ENSG00000148908_cd16_mono		onek1k		10	118499827.0	120542708.0	34	trait	lasso		0.006966596221185	0.0069174916590865	10:118834991-10:120645820	2.04	0.0625	1	ENSG00000148908	cd16_mono
16:2714828-16:3951195	ENSG00000262246_cd4_tcm		ENSG00000262246_cd4_tcm		onek1k		16	3354541.0	5425705.0	83	trait	enet		0.0120049648352137	0.0003711758721139	16:2725256-16:3944360	3.02	0.219	1	ENSG00000262246	cd4_tcm
16:2714828-16:3951195	ENSG00000262246_cd8_tcm		ENSG00000262246_cd8_tcm		onek1k		16	3354541.0	5425705.0	83	trait	blup		0.0026108054885342	0.0610988165236041	16:2725256-16:3944360	2.89	0.111	1	ENSG00000262246	cd8_tcm
16:3951195-16:5068344	ENSG00000168101_nk		ENSG00000168101_nk		onek1k		16	3693693.0	5695859.0	47	trait	blup		0.0018367909630107	0.0956953597906627	16:3962620-16:5068152	3.78	0.646	1	ENSG00000168101	nk
8:95522578-8:98389353	ENSG00000156482_cd14_mono		ENSG00000156482_cd14_mono		onek1k		8	97024850.0	99046469.0	39	trait	lasso		-0.0004274247715705	0.4372746792771036	8:95523038-8:98389164	2.39	0.0989	1	ENSG00000156482	cd14_mono
7:85942866-7:88195689	ENSG00000135185_b_naive		ENSG00000135185_b_naive		onek1k		7	86196337.0	88220587.0	20	trait	blup		0.0008433616857033	0.1784847301637885	7:85948420-7:88195330	-1.95	0.0942	1	ENSG00000135185	b_naive
7:99117851-7:100599028	ENSG00000172336_cd14_mono		ENSG00000172336_cd14_mono		onek1k		7	99706052.0	101707495.0	83	trait	lasso		0.0005876900961715	0.2141735683037978	7:99122437-7:100548273	-3.68	0.374	1	ENSG00000172336	cd14_mono
7:99117851-7:100599028	ENSG00000172354_nk		ENSG00000172354_nk		onek1k		7	99673530.0	101679174.0	83	trait	enet		0.0010905454903464	0.1518513243041001	7:99122437-7:100548273	-3.52	0.215	1	ENSG00000172354	nk
7:99117851-7:100599028	ENSG00000085514_cd16_mono		ENSG00000085514_cd16_mono		onek1k		7	99373444.0	101400099.0	83	trait	lasso		0.0074938587923695	0.0053046784369222	7:99122437-7:100548273	-3.51	0.205	1	ENSG00000085514	cd16_mono
7:100599028-7:101555972	ENSG00000169871_cd8_tem		ENSG00000169871_cd8_tem		onek1k		7	100085438.0	102097967.0	48	trait	lasso		0.0030680498965705	0.0464355974884335	7:100606918-7:101551566	-2.55	0.0836	1	ENSG00000169871	cd8_tem
7:100599028-7:101555972	ENSG00000169871_nk		ENSG00000169871_nk		onek1k		7	100085438.0	102097967.0	48	trait	lasso		0.0009629199854817	0.1647499714996588	7:100606918-7:101551566	2.45	0.0666	1	ENSG00000169871	nk
7:100599028-7:101555972	ENSG00000077454_b_naive		ENSG00000077454_b_naive		onek1k		7	99574010.0	101586153.0	48	trait	lasso		0.0052846251095945	0.0135672056739076	7:100606918-7:101551566	2.36	0.0588	1	ENSG00000077454	b_naive
7:100599028-7:101555972	ENSG00000169871_nk_cd56bright		ENSG00000169871_nk_cd56bright		onek1k		7	100085438.0	102097967.0	48	trait	blup		0.0147972307918988	0.0001327532990188	7:100606918-7:101551566	-2.26	0.0464	1	ENSG00000169871	nk_cd56bright
7:101555972-7:103557063	ENSG00000005075_cd8_tem		ENSG00000005075_cd8_tem		onek1k		7	101473168.0	103478907.0	61	trait	lasso		0.0101752835166284	0.000975483044183	7:101556363-7:103556860	-2.97	0.149	1	ENSG00000005075	cd8_tem
7:101555972-7:103557063	ENSG00000005075_cd4_tcm		ENSG00000005075_cd4_tcm		onek1k		7	101473168.0	103478907.0	61	trait	lasso		0.0209587839113436	3.592305168076677e-06	7:101556363-7:103556860	-2.92	0.132	1	ENSG00000005075	cd4_tcm
7:101555972-7:103557063	ENSG00000005075_b_naive		ENSG00000005075_b_naive		onek1k		7	101473168.0	103478907.0	61	trait	blup		0.0050765231968351	0.0152057402083052	7:101556363-7:103556860	-2.57	0.0526	1	ENSG00000005075	b_naive
7:101555972-7:103557063	ENSG00000257923_cd14_mono		ENSG00000257923_cd14_mono		onek1k		7	100815903.0	103283957.0	61	trait	lasso		0.0059630973961141	0.0105814399432954	7:101556363-7:103556860	-2.25	0.0478	1	ENSG00000257923	cd14_mono
7:101555972-7:103557063	ENSG00000168255_nk		ENSG00000168255_nk		onek1k		7	101537917.0	103572656.0	61	trait	enet		0.0117820303543481	0.0004171150452177	7:101556363-7:103556860	-2.36	0.0353	1	ENSG00000168255	nk
5:31390142-5:33500075	ENSG00000113384_cd14_mono		ENSG00000113384_cd14_mono		onek1k		5	31124703.0	33174350.0	44	trait	enet		0.0015246177736427	0.1204829239408837	5:31391406-5:33497319	-2.92	0.25	1	ENSG00000113384	cd14_mono
2:227255126-2:228506071	ENSG00000168958_cd8_naive		ENSG00000168958_cd8_naive		onek1k		2	226325164.0	228357836.0	21	trait	lasso		0.0048542327297367	0.0179127104287107	2:227259267-2:228504503	-2.62	0.262	1	ENSG00000168958	cd8_naive
2:228506071-2:230978674	ENSG00000153823_cd14_mono		ENSG00000153823_cd14_mono		onek1k		2	227850525.0	230271285.0	40	trait	lasso		0.0089628939684872	0.0022525002672154	2:228506119-2:230971965	-3.9	0.905	1	ENSG00000153823	cd14_mono
20:48583442-20:50623121	ENSG00000124214_cd14_mono		ENSG00000124214_cd14_mono		onek1k		20	48113338.0	50188367.0	49	trait	enet		-0.0004982486625	0.4633016122569626	20:48591758-20:50619131	-2.62	0.108	1	ENSG00000124214	cd14_mono
20:48583442-20:50623121	ENSG00000177410_treg		ENSG00000177410_treg		onek1k		20	48278624.0	50291148.0	49	trait	blup		2.5654013910969556e-05	0.3117738357434754	20:48591758-20:50619131	-2.55	0.101	1	ENSG00000177410	treg
22:26395662-22:27438791	ENSG00000128294_cd14_mono		ENSG00000128294_cd14_mono		onek1k		22	25521982.0	27596717.0	31	trait	blup		0.0070199839843341	0.0061057274520296	22:26396280-22:27438631	3.24	0.544	1	ENSG00000128294	cd14_mono
22:27438791-22:29255810	ENSG00000235954_cd4_naive		ENSG00000235954_cd4_naive		onek1k		22	26919375.0	29008581.0	30	trait	lasso		0.0052667592535011	0.0135376171688485	22:27439443-22:29253364	2.19	0.091	1	ENSG00000235954	cd4_naive
5:56121522-5:57325275	ENSG00000095015_cd14_mono		ENSG00000095015_cd14_mono		onek1k		5	55815573.0	57896152.0	28	trait	lasso		0.0029633221401642	0.052948355498304	5:56121754-5:57321646	-2.59	0.187	1	ENSG00000095015	cd14_mono
12:48608083-12:51382710	ENSG00000139644_cd14_mono		ENSG00000139644_cd14_mono		onek1k		12	48707724.0	50764934.0	121	trait	lasso		0.0026012509655906	0.0648214467505819	12:48609553-12:51382232	-4.4	0.919	1	ENSG00000139644	cd14_mono
12:48608083-12:51382710	ENSG00000167552_nk_cd56bright		ENSG00000167552_nk_cd56bright		onek1k		12	48184795.0	50189324.0	121	trait	lasso		0.0006435539467186	0.2078501424800736	12:48609553-12:51382232	-4.0	0.687	1	ENSG00000167552	nk_cd56bright
12:48608083-12:51382710	ENSG00000050426_cd8_naive		ENSG00000050426_cd8_naive		onek1k		12	50047961.0	52060424.0	121	trait	lasso		0.0002769121455592	0.2614470297499494	12:48609553-12:51382232	-2.98	0.413	1	ENSG00000050426	cd8_naive
12:48608083-12:51382710	ENSG00000123416_cd8_tem		ENSG00000123416_cd8_tem		onek1k		12	48128879.0	50131397.0	121	trait	lasso		0.0154275642980243	6.299591203789126e-05	12:48609553-12:51382232	-3.33	0.0733	1	ENSG00000123416	cd8_tem
17:29007226-17:31459473	ENSG00000126653_cd14_mono		ENSG00000126653_cd14_mono		onek1k		17	29115520.0	31186475.0	107	trait	blup		0.0015677667019715	0.1174479222009875	17:29009905-17:31458970	3.87	0.672	1	ENSG00000126653	cd14_mono
17:29007226-17:31459473	ENSG00000185862_nk		ENSG00000185862_nk		onek1k		17	30303765.0	32314112.0	107	trait	lasso		-0.0005771440359962	0.5064871133103344	17:29009905-17:31458970	-2.9	0.266	1	ENSG00000185862	nk
17:29007226-17:31459473	ENSG00000126653_cd8_tcm		ENSG00000126653_cd8_tcm		onek1k		17	29115520.0	31186475.0	107	trait	blup		0.002400650640607	0.0690628931561129	17:29009905-17:31458970	3.33	0.0971	1	ENSG00000126653	cd8_tcm
1:170588635-1:173128768	ENSG00000117592_cd4_tem		ENSG00000117592_cd4_tem		onek1k		1	172477265.0	174488807.0	47	trait	blup		0.0005821112497202	0.2146814852103886	1:170589437-1:173121564	3.12	0.354	1	ENSG00000117592	cd4_tem
1:173128768-1:175120632	ENSG00000116161_cd14_mono		ENSG00000116161_cd14_mono		onek1k		1	173999162.0	176011672.0	42	trait	lasso		0.0033972479909095	0.0416731931400496	1:173129364-1:175120469	4.06	0.507	1	ENSG00000116161	cd14_mono
1:173128768-1:175120632	ENSG00000234741_gdt		ENSG00000234741_gdt		onek1k		1	172863941.0	174868882.0	42	trait	blup		0.0011076117460191	0.1529747732801702	1:173129364-1:175120469	-3.87	0.252	1	ENSG00000234741	gdt
1:173128768-1:175120632	ENSG00000116161_cd4_tcm		ENSG00000116161_cd4_tcm		onek1k		1	173999162.0	176011672.0	42	trait	lasso		0.011262682470749	0.0005476128545773	1:173129364-1:175120469	3.79	0.188	1	ENSG00000116161	cd4_tcm
1:173128768-1:175120632	ENSG00000152061_cd14_mono		ENSG00000152061_cd14_mono		onek1k		1	173159409.0	175995308.0	42	trait	blup		-0.001002783364997	0.7894391856717822	1:173129364-1:175120469	-3.38	0.0636	1	ENSG00000152061	cd14_mono
1:173128768-1:175120632	ENSG00000234741_mait		ENSG00000234741_mait		onek1k		1	172863941.0	174868882.0	42	trait	lasso		0.0055773900244724	0.017295215203857	1:173129364-1:175120469	-3.08	0.0483	1	ENSG00000234741	mait
1:173128768-1:175120632	ENSG00000234741_cd8_tem		ENSG00000234741_cd8_tem		onek1k		1	172863941.0	174868882.0	42	trait	enet		0.0634111643314334	1.0959556594015857e-15	1:173129364-1:175120469	-2.1	0.0367	1	ENSG00000234741	cd8_tem
1:173128768-1:175120632	ENSG00000234741_cd8_naive		ENSG00000234741_cd8_naive		onek1k		1	172863941.0	174868882.0	42	trait	blup		0.0014210602690041	0.1256907716459661	1:173129364-1:175120469	-2.92	0.0347	1	ENSG00000234741	cd8_naive
3:195065945-3:196244537	ENSG00000184203_cd14_mono		ENSG00000184203_cd14_mono		onek1k		3	194514424.0	196543386.0	45	trait	blup		7.218507216300019e-05	0.3019117808385826	3:195067232-3:196233795	3.12	0.334	1	ENSG00000184203	cd14_mono
3:195065945-3:196244537	ENSG00000184203_cd8_naive		ENSG00000184203_cd8_naive		onek1k		3	194514424.0	196543386.0	45	trait	blup		0.0005226203990413	0.2216379326252584	3:195067232-3:196233795	2.57	0.084	1	ENSG00000184203	cd8_naive
5:137040361-5:139885487	ENSG00000177733_cd14_mono		ENSG00000177733_cd14_mono		onek1k		5	136745650.0	138754376.0	74	trait	lasso		5.0408251026423656e-05	0.3065284134304181	5:137040919-5:139882646	2.81	0.122	1	ENSG00000177733	cd14_mono
14:101067970-14:102545765	ENSG00000078304_cd8_tem		ENSG00000078304_cd8_tem		onek1k		14	100761797.0	102927989.0	36	trait	lasso		0.003219374703663	0.0425727514795291	14:101069704-14:102545189	2.43	0.109	1	ENSG00000078304	cd8_tem
14:101067970-14:102545765	ENSG00000078304_nk		ENSG00000078304_nk		onek1k		14	100761797.0	102927989.0	36	trait	lasso		0.0246705233114081	5.325709316485138e-07	14:101069704-14:102545189	2.42	0.107	1	ENSG00000078304	nk
14:102545765-14:104535386	ENSG00000075413_cd14_mono		ENSG00000075413_cd14_mono		onek1k		14	102385391.0	104503831.0	68	trait	blup		0.0032672448446294	0.0447587138497018	14:102547105-14:104530951	3.35	0.375	1	ENSG00000075413	cd14_mono
14:102545765-14:104535386	ENSG00000126214_cd16_mono		ENSG00000126214_cd16_mono		onek1k		14	102561895.0	104714104.0	68	trait	blup		0.0005953345283506	0.2153412264297286	14:102547105-14:104530951	2.86	0.104	1	ENSG00000126214	cd16_mono
1:159943258-1:162376931	ENSG00000158869_cd16_mono		ENSG00000158869_cd16_mono		onek1k		1	160215233.0	162220699.0	107	trait	lasso		0.1032680391655322	2.3380406255606565e-23	1:159949651-1:162375916	7.74	0.591	1	ENSG00000158869	cd16_mono
1:159943258-1:162376931	ENSG00000158869_cd14_mono		ENSG00000158869_cd14_mono		onek1k		1	160215233.0	162220699.0	107	trait	lasso		0.0343990895695057	7.518621526287351e-09	1:159949651-1:162375916	7.66	0.502	1	ENSG00000158869	cd14_mono
1:159943258-1:162376931	ENSG00000143222_mait		ENSG00000143222_mait		onek1k		1	160152775.0	162158856.0	107	trait	lasso		0.0027446983780666	0.0696010337040584	1:159949651-1:162375916	-2.11	0.0346	1	ENSG00000143222	mait
2:189017339-2:191108631	ENSG00000128699_cd4_ctl		ENSG00000128699_cd4_ctl		onek1k		2	188770322.0	190783573.0	37	trait	blup		0.0028866612747223	0.0680176892344527	2:189017499-2:191100723	2.16	0.0681	1	ENSG00000128699	cd4_ctl
6:11790583-6:13209156	ENSG00000205269_cd14_mono		ENSG00000205269_cd14_mono		onek1k		6	10538277.0	12583524.0	12	trait	blup		0.0056617816651614	0.0123927690919647	6:11792273-6:13209144	2.65	0.411	1	ENSG00000205269	cd14_mono
22:17193405-22:17813322	ENSG00000015475_cd14_mono		ENSG00000015475_cd14_mono		onek1k		22	16734137.0	18774770.0	17	trait	lasso		0.0105348281572469	0.0010146543560279	22:17196300-22:17810483	-2.08	0.136	1	ENSG00000015475	cd14_mono
3:33214100-3:35241966	ENSG00000170275_cd14_mono		ENSG00000170275_cd14_mono		onek1k		3	32113978.0	34147773.0	18	trait	enet		0.0006147571694973	0.2104898696907982	3:33214378-3:35241512	-3.0	0.478	1	ENSG00000170275	cd14_mono
3:33214100-3:35241966	ENSG00000170248_b_memory		ENSG00000170248_b_memory		onek1k		3	32798351.0	34869707.0	18	trait	lasso		0.0054330890280369	0.0124332253251733	3:33214378-3:35241512	2.3	0.103	1	ENSG00000170248	b_memory
15:89932319-15:91621162	ENSG00000182511_cd14_mono		ENSG00000182511_cd14_mono		onek1k		15	89883694.0	91895776.0	55	trait	enet		0.002918059778717	0.0542973390943543	15:89932795-15:91617293	2.48	0.0831	1	ENSG00000182511	cd14_mono
22:37174229-22:38911889	ENSG00000100216_cd4_tcm		ENSG00000100216_cd4_tcm		onek1k		22	37681947.0	39685421.0	75	trait	lasso		0.0108552240079745	0.0006782554300577	22:37182681-22:38909231	3.35	0.434	1	ENSG00000100216	cd4_tcm
22:37174229-22:38911889	ENSG00000100083_gdt		ENSG00000100083_gdt		onek1k		22	36608474.0	38633564.0	75	trait	lasso		0.008168664507464	0.0031450931374445	22:37182681-22:38909231	-3.2	0.226	1	ENSG00000100083	gdt
22:37174229-22:38911889	ENSG00000100060_nk		ENSG00000100060_nk		onek1k		22	36469062.0	38486401.0	75	trait	lasso		0.006698624622468	0.0061871485853224	22:37182681-22:38909231	-3.2	0.226	1	ENSG00000100060	nk
22:37174229-22:38911889	ENSG00000100083_nk		ENSG00000100083_nk		onek1k		22	36608474.0	38633564.0	75	trait	blup		0.0008581002180252	0.1762839164444761	22:37182681-22:38909231	3.02	0.13	1	ENSG00000100083	nk
22:38911889-22:40149793	ENSG00000100316_nk		ENSG00000100316_nk		onek1k		22	38312881.0	40320389.0	39	trait	lasso		0.1009038419883835	2.23634330280459e-24	22:38912771-22:40146186	-2.71	0.133	1	ENSG00000100316	nk
22:38911889-22:40149793	ENSG00000239713_nk		ENSG00000239713_nk		onek1k		22	38077004.0	40087743.0	39	trait	lasso		0.0872578984954677	3.492412564578827e-21	22:38912771-22:40146186	-1.95	0.057	1	ENSG00000239713	nk
22:38911889-22:40149793	ENSG00000187051_cd4_tem		ENSG00000187051_cd4_tem		onek1k		22	38529092.0	40532855.0	39	trait	lasso		0.0075643433546478	0.0045525759931849	22:38912771-22:40146186	-2.14	0.0421	1	ENSG00000187051	cd4_tem
22:40149793-22:42294812	ENSG00000100351_cd8_naive		ENSG00000100351_cd8_naive		onek1k		22	38901081.0	40973721.0	83	trait	blup		-0.0009540514585106	0.7562355849649104	22:40157251-22:42289466	-3.84	0.713	1	ENSG00000100351	cd8_naive
22:40149793-22:42294812	ENSG00000100380_nk		ENSG00000100380_nk		onek1k		22	39824534.0	41857022.0	83	trait	lasso		0.0019274620367047	0.090601308160683	22:40157251-22:42289466	2.78	0.0998	1	ENSG00000100380	nk
22:40149793-22:42294812	ENSG00000100393_cd16_mono		ENSG00000100393_cd16_mono		onek1k		22	40091785.0	42180079.0	83	trait	lasso		0.0047672986615802	0.0212995943935939	22:40157251-22:42289466	-2.77	0.0694	1	ENSG00000100393	cd16_mono
2:10133-2:1777250	ENSG00000143727_nk		ENSG00000143727_nk		onek1k		2	-735608.0	1278283.0	36	trait	lasso		0.0019762284988424	0.0879837501847272	2:15703-2:1777150	2.84	0.139	1	ENSG00000143727	nk
2:10133-2:1777250	ENSG00000035115_cd4_naive		ENSG00000035115_cd4_naive		onek1k		2	-782271.0	1266398.0	36	trait	enet		0.539495287125487	4.653691758830443e-165	2:15703-2:1777150	2.76	0.115	1	ENSG00000035115	cd4_naive
2:10133-2:1777250	ENSG00000035115_cd4_tcm		ENSG00000035115_cd4_tcm		onek1k		2	-782271.0	1266398.0	36	trait	enet		0.7351854239799664	1.7825474669743303e-281	2:15703-2:1777150	2.76	0.113	1	ENSG00000035115	cd4_tcm
2:10133-2:1777250	ENSG00000035115_treg		ENSG00000035115_treg		onek1k		2	-782271.0	1266398.0	36	trait	lasso		0.1100671038364586	5.856701448447874e-26	2:15703-2:1777150	2.67	0.0932	1	ENSG00000035115	treg
2:10133-2:1777250	ENSG00000035115_cd8_tcm		ENSG00000035115_cd8_tcm		onek1k		2	-782271.0	1266398.0	36	trait	lasso		0.119581009171523	1.2613819854760374e-28	2:15703-2:1777150	2.62	0.0828	1	ENSG00000035115	cd8_tcm
2:10133-2:1777250	ENSG00000035115_cd8_naive		ENSG00000035115_cd8_naive		onek1k		2	-782271.0	1266398.0	36	trait	lasso		0.2092527207907694	1.7970834727034656e-50	2:15703-2:1777150	2.58	0.0765	1	ENSG00000035115	cd8_naive
10:101189482-10:102620653	ENSG00000107872_nk		ENSG00000107872_nk		onek1k		10	101419188.0	103423136.0	43	trait	blup		4.9386223650804695e-05	0.3062684133838806	10:101189494-10:102620555	-3.89	0.722	1	ENSG00000107872	nk
10:101189482-10:102620653	ENSG00000107833_cd8_naive		ENSG00000107833_cd8_naive		onek1k		10	100781324.0	102783413.0	43	trait	lasso		0.0041125244205413	0.0268648325889216	10:101189494-10:102620555	3.28	0.104	1	ENSG00000107833	cd8_naive
10:101189482-10:102620653	ENSG00000138107_cd14_mono		ENSG00000138107_cd14_mono		onek1k		10	101461880.0	103502711.0	43	trait	blup		0.0010368564687234	0.1616171246891013	10:101189494-10:102620555	3.15	0.0733	1	ENSG00000138107	cd14_mono
10:102620653-10:104935290	ENSG00000148834_b_memory		ENSG00000148834_b_memory		onek1k		10	103235355.0	105267459.0	63	trait	lasso		0.0089030040647883	0.0019294964772483	10:102621414-10:104934709	-2.75	0.12	1	ENSG00000148834	b_memory
2:94660727-2:98378738	ENSG00000196843_nk		ENSG00000196843_nk		onek1k		2	95536748.0	97552638.0	139	trait	blup		0.0092752216401191	0.0015608978944245	2:95339024-2:98377665	-2.84	0.0706	1	ENSG00000196843	nk
20:40982216-20:41957049	ENSG00000198900_nk		ENSG00000198900_nk		onek1k		20	40028817.0	42124487.0	19	trait	lasso		0.0085212810192654	0.0023292750858033	20:40982342-20:41956920	-2.87	0.418	1	ENSG00000198900	nk
15:40091931-15:40885316	ENSG00000137880_cd4_naive		ENSG00000137880_cd4_naive		onek1k		15	39764019.0	41764608.0	47	trait	enet		0.0008449550381637	0.1778958822229342	15:40092835-15:40885107	-3.08	0.372	1	ENSG00000137880	cd4_naive
15:40091931-15:40885316	ENSG00000140319_mait		ENSG00000140319_mait		onek1k		15	39035738.0	41039188.0	47	trait	blup		0.0127829815908181	0.0006133627820366	15:40092835-15:40885107	2.47	0.15	1	ENSG00000140319	mait
15:40885316-15:42484201	ENSG00000187446_cd16_mono		ENSG00000187446_cd16_mono		onek1k		15	40230838.0	42281890.0	57	trait	blup		0.0022812895715804	0.0804622518695367	15:40885757-15:42483455	-4.23	0.85	1	ENSG00000187446	cd16_mono
15:40885316-15:42484201	ENSG00000137880_nk		ENSG00000137880_nk		onek1k		15	39764019.0	41764608.0	57	trait	enet		0.1308652724284973	1.5062328658232615e-31	15:40885757-15:42483455	3.24	0.117	1	ENSG00000137880	nk
15:40885316-15:42484201	ENSG00000137815_nk		ENSG00000137815_nk		onek1k		15	40408407.0	42483563.0	57	trait	blup		0.0001352696725323	0.2878364181847992	15:40885757-15:42483455	-2.75	0.057	1	ENSG00000137815	nk
9:96159758-9:98830577	ENSG00000136936_nk		ENSG00000136936_nk		onek1k		9	96674908.0	98697357.0	63	trait	blup		0.0010089868442811	0.1599556806042975	9:96160820-9:98828924	2.82	0.156	1	ENSG00000136936	nk
19:9127717-19:11173352	ENSG00000127445_cd8_naive		ENSG00000127445_cd8_naive		onek1k		19	8835256.0	10849682.0	107	trait	blup		0.0012463282657571	0.1398752847195154	19:9128937-19:11173129	-3.0	0.12	1	ENSG00000127445	cd8_naive
19:9127717-19:11173352	ENSG00000076662_cd4_naive		ENSG00000076662_cd4_naive		onek1k		19	9338681.0	11339823.0	107	trait	lasso		0.0076785594071636	0.0036680837365394	19:9128937-19:11173129	-2.57	0.0455	1	ENSG00000076662	cd4_naive
19:9127717-19:11173352	ENSG00000180739_nk		ENSG00000180739_nk		onek1k		19	9512741.0	11517931.0	107	trait	lasso		0.0191370902964344	9.18302559903231e-06	19:9128937-19:11173129	2.42	0.036	1	ENSG00000180739	nk
19:9127717-19:11173352	ENSG00000076662_cd4_tcm		ENSG00000076662_cd4_tcm		onek1k		19	9338681.0	11339823.0	107	trait	lasso		0.0509801141158056	6.90290227432115e-13	19:9128937-19:11173129	-2.46	0.034	1	ENSG00000076662	cd4_tcm
19:9127717-19:11173352	ENSG00000130811_mait		ENSG00000130811_mait		onek1k		19	9115478.0	11119918.0	107	trait	blup		0.0012016418166462	0.157073480020021	19:9128937-19:11173129	-2.43	0.0316	1	ENSG00000130811	mait
6:141967342-6:144998674	ENSG00000169976_mait		ENSG00000169976_mait		onek1k		6	143094880.0	145095573.0	44	trait	blup		0.0025698700741985	0.0761076724550333	6:141971907-6:144998088	2.65	0.133	1	ENSG00000169976	mait
6:141967342-6:144998674	ENSG00000152818_nk		ENSG00000152818_nk		onek1k		6	143285700.0	145853034.0	44	trait	lasso		-0.0004017217070937	0.4344940774011538	6:141971907-6:144998088	-2.49	0.0918	1	ENSG00000152818	nk
19:40478694-19:41625199	ENSG00000105323_b_memory		ENSG00000105323_b_memory		onek1k		19	40262495.0	42307598.0	59	trait	lasso		0.0030243222884649	0.0477911721944759	19:40480923-19:41622615	3.33	0.392	1	ENSG00000105323	b_memory
19:40478694-19:41625199	ENSG00000269858_cd4_tem		ENSG00000269858_cd4_tem		onek1k		19	39798995.0	41808433.0	59	trait	blup		0.0034545596647456	0.0401380973178896	19:40480923-19:41622615	-2.27	0.0731	1	ENSG00000269858	cd4_tem
19:40478694-19:41625199	ENSG00000105323_cd4_tem		ENSG00000105323_cd4_tem		onek1k		19	40262495.0	42307598.0	59	trait	blup		0.0002329897373427	0.2702888141272968	19:40480923-19:41622615	2.73	0.0682	1	ENSG00000105323	cd4_tem
19:40478694-19:41625199	ENSG00000269858_cd16_mono		ENSG00000269858_cd16_mono		onek1k		19	39798995.0	41808433.0	59	trait	blup		0.0219961940050916	4.527185860309161e-06	19:40480923-19:41622615	2.66	0.0606	1	ENSG00000269858	cd16_mono
19:41625199-19:43358303	ENSG00000160570_nk		ENSG00000160570_nk		onek1k		19	41198597.0	43220140.0	72	trait	enet		0.0004282986733319	0.2345580012979415	19:41628677-19:43322299	3.48	0.606	1	ENSG00000160570	nk
19:41625199-19:43358303	ENSG00000160570_gdt		ENSG00000160570_gdt		onek1k		19	41198597.0	43220140.0	72	trait	blup		0.0019910086581673	0.0899458021255923	19:41628677-19:43322299	1.8	0.261	1	ENSG00000160570	gdt
1:197342384-1:199270756	ENSG00000081237_nk		ENSG00000081237_nk		onek1k		1	197638670.0	199757283.0	26	trait	lasso		0.0043437504707805	0.0225045611781175	1:197342725-1:199269383	-3.19	0.483	1	ENSG00000081237	nk
1:197342384-1:199270756	ENSG00000081237_cd8_naive		ENSG00000081237_cd8_naive		onek1k		1	197638670.0	199757283.0	26	trait	lasso		0.0015269906282371	0.1178738513364251	1:197342725-1:199269383	-2.49	0.0979	1	ENSG00000081237	cd8_naive
6:37604820-6:39327901	ENSG00000124767_nk		ENSG00000124767_nk		onek1k		6	37675924.0	39703141.0	26	trait	enet		0.0011088930160473	0.1500928724436875	6:37606304-6:39327708	-2.22	0.112	1	ENSG00000124767	nk
1:10583-1:1961168	ENSG00000186891_nk		ENSG00000186891_nk		onek1k		1	203507.0	2206691.0	135	trait	lasso		0.0761144757567747	1.3176814041194024e-18	1:752566-1:1955080	-5.98	0.999	1	ENSG00000186891	nk
1:1961168-1:3666172	ENSG00000157873_nk_cd56bright		ENSG00000157873_nk_cd56bright		onek1k		1	1556696.0	3565382.0	49	trait	lasso		0.000623295268209	0.2105209718873635	1:1963415-1:3665867	-3.07	0.27	1	ENSG00000157873	nk_cd56bright
1:1961168-1:3666172	ENSG00000157873_cd8_tem		ENSG00000157873_cd8_tem		onek1k		1	1556696.0	3565382.0	49	trait	blup		0.0032178389337803	0.0426102121943615	1:1963415-1:3665867	-3.02	0.211	1	ENSG00000157873	cd8_tem
1:1961168-1:3666172	ENSG00000157873_cd4_tcm		ENSG00000157873_cd4_tcm		onek1k		1	1556696.0	3565382.0	49	trait	enet		0.0729313650198069	7.094803906941237e-18	1:1963415-1:3665867	-2.76	0.117	1	ENSG00000157873	cd4_tcm
9:10023-9:1079707	ENSG00000107099_nk		ENSG00000107099_nk		onek1k		9	-779253.0	1465259.0	26	trait	lasso		0.0890961008922113	1.3044713762964874e-21	9:108998-9:1077862	-2.83	0.315	1	ENSG00000107099	nk
9:1079707-9:1916877	ENSG00000080503_nk_cd56bright		ENSG00000080503_nk_cd56bright		onek1k		9	980289.0	3193624.0	4	trait	enet		0.0042876693406241	0.0265503225802635	9:1080866-9:1915483	-2.16	0.487	1	ENSG00000080503	nk_cd56bright
3:126496100-3:128476018	ENSG00000114626_cd14_mono		ENSG00000114626_cd14_mono		onek1k		3	126672934.0	128680920.0	40	trait	lasso		0.0267759922747564	3.2118376786229725e-07	3:126498963-3:128475293	-2.88	0.535	1	ENSG00000114626	cd14_mono
3:126496100-3:128476018	ENSG00000114626_nk		ENSG00000114626_nk		onek1k		3	126672934.0	128680920.0	40	trait	blup		0.0004735065643082	0.2274528423267482	3:126498963-3:128475293	-2.95	0.523	1	ENSG00000114626	nk
3:126496100-3:128476018	ENSG00000163902_cd16_mono		ENSG00000163902_cd16_mono		onek1k		3	127619969.0	129681075.0	40	trait	lasso		0.0263277212318713	5.660003172274074e-07	3:126498963-3:128475293	-2.63	0.0855	1	ENSG00000163902	cd16_mono
3:128476018-3:130525891	ENSG00000129071_cd8_naive		ENSG00000129071_cd8_naive		onek1k		3	128430943.0	130440035.0	72	trait	blup		0.0010150513393816	0.1614941586898748	3:128478542-3:130522321	2.56	0.0676	1	ENSG00000129071	cd8_naive
3:128476018-3:130525891	ENSG00000075785_cd4_tem		ENSG00000075785_cd4_tem		onek1k		3	127726121.0	129814796.0	72	trait	lasso		0.0014060831034246	0.1289257747530557	3:128478542-3:130522321	-2.54	0.0636	1	ENSG00000075785	cd4_tem
16:48974015-16:52001911	ENSG00000121281_nk		ENSG00000121281_nk		onek1k		16	49246136.0	51313036.0	72	trait	lasso		0.0063140778804625	0.0076191576402818	16:48975044-16:52000686	-3.08	0.203	1	ENSG00000121281	nk
16:48974015-16:52001911	ENSG00000083799_cd4_naive		ENSG00000083799_cd4_naive		onek1k		16	49742049.0	51801935.0	72	trait	lasso		0.0106904006444723	0.0007439427903936	16:48975044-16:52000686	-2.96	0.145	1	ENSG00000083799	cd4_naive
10:29494763-10:30169909	ENSG00000107968_cd8_tem		ENSG00000107968_cd8_tem		onek1k		10	29433936.0	31461833.0	8	trait	blup		0.0029080201570972	0.0509246310927923	10:29496472-10:30168844	0.655	0.113	1	ENSG00000107968	cd8_tem
10:30169909-10:31618591	ENSG00000107968_nk		ENSG00000107968_nk		onek1k		10	29433936.0	31461833.0	28	trait	lasso		0.0299213195897594	3.5895537330289004e-08	10:30170343-10:31615249	5.03	1.0	1	ENSG00000107968	nk
10:30169909-10:31618591	ENSG00000107968_cd16_mono		ENSG00000107968_cd16_mono		onek1k		10	29433936.0	31461833.0	28	trait	lasso		0.0028914752788531	0.057556299764991	10:30170343-10:31615249	2.29	0.519	1	ENSG00000107968	cd16_mono
9:32019370-9:33578336	ENSG00000107262_nk		ENSG00000107262_nk		onek1k		9	32247819.0	34264720.0	43	trait	lasso		0.0028968626241518	0.0511654674340607	9:32022207-9:33577138	2.41	0.0902	1	ENSG00000107262	nk
7:49172682-7:51607626	ENSG00000185811_cd8_tcm		ENSG00000185811_cd8_tcm		onek1k		7	49304123.0	51405101.0	26	trait	lasso		0.0018239415039976	0.0972161459671394	7:49174560-7:51605091	-1.94	0.0727	1	ENSG00000185811	cd8_tcm
14:48536268-14:50041042	ENSG00000165525_cd16_mono		ENSG00000165525_cd16_mono		onek1k		14	48782082.0	50853203.0	31	trait	blup		0.0006849656659148	0.2036624435822389	14:48536772-14:50039050	3.46	0.322	1	ENSG00000165525	cd16_mono
14:48536268-14:50041042	ENSG00000213741_b_intermediate		ENSG00000213741_b_intermediate		onek1k		14	48570983.0	50598696.0	31	trait	lasso		0.0049490865140595	0.01635442309078	14:48536772-14:50039050	-3.22	0.176	1	ENSG00000213741	b_intermediate
14:48536268-14:50041042	ENSG00000165525_nk		ENSG00000165525_nk		onek1k		14	48782082.0	50853203.0	31	trait	lasso		-0.0001276410090298	0.3494070323450603	14:48536772-14:50039050	3.21	0.17	1	ENSG00000165525	nk
14:48536268-14:50041042	ENSG00000165516_mait		ENSG00000165516_mait		onek1k		14	48767607.0	50786385.0	31	trait	enet		0.0017229299573621	0.1184400386019804	14:48536772-14:50039050	-3.08	0.128	1	ENSG00000165516	mait
14:48536268-14:50041042	ENSG00000213741_treg		ENSG00000213741_treg		onek1k		14	48570983.0	50598696.0	31	trait	blup		0.0066899528476741	0.0067732988807396	14:48536772-14:50039050	-3.02	0.125	1	ENSG00000213741	treg
14:48536268-14:50041042	ENSG00000165525_cd8_naive		ENSG00000165525_cd8_naive		onek1k		14	48782082.0	50853203.0	31	trait	lasso		0.0133702595400455	0.0002100173552564	14:48536772-14:50039050	2.91	0.087	1	ENSG00000165525	cd8_naive
20:25363595-20:33027017	ENSG00000101294_nk		ENSG00000101294_nk		onek1k		20	30514427.0	32577923.0	122	trait	lasso		0.0045407233681921	0.0201647892281462	20:25363863-20:33025567	4.3	0.917	1	ENSG00000101294	nk
20:60986668-20:62670503	ENSG00000171858_nk		ENSG00000171858_nk		onek1k		20	61387115.0	63388520.0	44	trait	lasso		0.0031463224335543	0.044310717981719	20:60990075-20:62668845	-4.45	0.88	1	ENSG00000171858	nk
20:60986668-20:62670503	ENSG00000130706_cd4_tem		ENSG00000130706_cd4_tem		onek1k		20	61302092.0	63308855.0	44	trait	blup		0.0011433653941811	0.1510964101551786	20:60990075-20:62668845	-3.93	0.131	1	ENSG00000130706	cd4_tem
19:5811841-19:6684874	ENSG00000205744_nk		ENSG00000205744_nk		onek1k		19	5467221.0	7482557.0	47	trait	enet		0.0033980209435074	0.038365414646345	19:5815254-19:6684197	-2.32	0.0724	1	ENSG00000205744	nk
19:6684874-19:8282629	ENSG00000125734_cd4_ctl		ENSG00000125734_cd4_ctl		onek1k		19	5729913.0	7737603.0	69	trait	blup		0.0025605460839165	0.0799217761869191	19:6685945-19:8271721	3.04	0.2	1	ENSG00000125734	cd4_ctl
19:6684874-19:8282629	ENSG00000185236_nk		ENSG00000185236_nk		onek1k		19	7389980.0	9404434.0	69	trait	lasso		0.0048361233650536	0.0171161884579893	19:6685945-19:8271721	2.44	0.0493	1	ENSG00000185236	nk
19:6684874-19:8282629	ENSG00000229833_nk_cd56bright		ENSG00000229833_nk_cd56bright		onek1k		19	6629736.0	8631956.0	69	trait	lasso		0.0052761536310335	0.0157896961745321	19:6685945-19:8271721	2.32	0.0357	1	ENSG00000229833	nk_cd56bright
19:8282629-19:9127717	ENSG00000099783_cd8_tem		ENSG00000099783_cd8_tem		onek1k		19	7455404.0	9489114.0	39	trait	lasso		0.005628585587285	0.0111032359994856	19:8285607-19:9119242	3.06	0.306	1	ENSG00000099783	cd8_tem
19:8282629-19:9127717	ENSG00000185236_cd8_tem		ENSG00000185236_cd8_tem		onek1k		19	7389980.0	9404434.0	39	trait	lasso		0.0033433099609887	0.0396607097307961	19:8285607-19:9119242	3.03	0.288	1	ENSG00000185236	cd8_tem
9:85975502-9:87521331	ENSG00000135070_nk		ENSG00000135070_nk		onek1k		9	85264545.0	87283102.0	21	trait	enet		0.0085829454915862	0.0022540860984135	9:85977276-9:87520389	-3.83	0.925	1	ENSG00000135070	nk
11:112588765-11:114387006	ENSG00000109906_nk		ENSG00000109906_nk		onek1k		11	113059592.0	115250676.0	33	trait	blup		0.0062714512488195	0.0077974509588741	11:112589597-11:114386830	3.6	0.774	1	ENSG00000109906	nk
6:6784974-6:7808703	ENSG00000124783_nk		ENSG00000124783_nk		onek1k		6	6268305.0	8347446.0	22	trait	enet		0.0030398516854325	0.0471099021589319	6:6786253-6:7807304	-3.14	0.557	1	ENSG00000124783	nk
8:56043824-8:58156092	ENSG00000008988_cd16_mono		ENSG00000008988_cd16_mono		onek1k		8	55067294.0	57074581.0	40	trait	enet		0.0013397943269407	0.1374582150978406	8:56045247-8:58153166	-2.54	0.132	1	ENSG00000008988	cd16_mono
7:43119475-7:44724229	ENSG00000136286_b_memory		ENSG00000136286_b_memory		onek1k		7	43962661.0	45979098.0	43	trait	blup		0.0024476692875718	0.0667905841461773	7:43119930-7:44723826	-2.81	0.171	1	ENSG00000136286	b_memory
7:43119475-7:44724229	ENSG00000196262_b_memory		ENSG00000196262_b_memory		onek1k		7	43796679.0	45824564.0	43	trait	blup		0.0052337137111879	0.0138678306127317	7:43119930-7:44723826	-2.8	0.168	1	ENSG00000196262	b_memory
7:44724229-7:45913323	ENSG00000136280_nk		ENSG00000136280_nk		onek1k		7	43999474.0	46076469.0	33	trait	enet		0.0014671795832689	0.1199451182862872	7:44726069-7:45912764	-3.47	0.661	1	ENSG00000136280	nk
7:44724229-7:45913323	ENSG00000136286_treg		ENSG00000136286_treg		onek1k		7	43962661.0	45979098.0	33	trait	lasso		0.0037313600916005	0.03338227738472	7:44726069-7:45912764	-2.29	0.099	1	ENSG00000136286	treg
22:35134992-22:37174229	ENSG00000128284_cd14_mono		ENSG00000128284_cd14_mono		onek1k		22	35140329.0	37166177.0	69	trait	blup		0.0014008070408647	0.1296844992293993	22:35135026-22:37171611	2.6	0.0778	1	ENSG00000128284	cd14_mono
22:35134992-22:37174229	ENSG00000100353_nk_cd56bright		ENSG00000100353_nk_cd56bright		onek1k		22	35510849.0	37529436.0	69	trait	lasso		0.0033297416235329	0.0443715758136588	22:35135026-22:37171611	-2.56	0.0723	1	ENSG00000100353	nk_cd56bright
22:37174229-22:38911889	ENSG00000100385_nk_cd56bright		ENSG00000100385_nk_cd56bright		onek1k		22	36125837.0	38175054.0	75	trait	blup		9.797186031224037e-06	0.3154195234096443	22:37182681-22:38909231	3.95	0.93	1	ENSG00000100385	nk_cd56bright
22:37174229-22:38911889	ENSG00000100385_nk		ENSG00000100385_nk		onek1k		22	36125837.0	38175054.0	75	trait	blup		0.0005005040803701	0.2233330342936591	22:37182681-22:38909231	1.77	0.844	1	ENSG00000100385	nk
6:148599216-6:149932268	ENSG00000120265_nk		ENSG00000120265_nk		onek1k		6	148749665.0	150811420.0	37	trait	lasso		0.0030206316545909	0.0476347317726745	6:148600481-6:149925690	-2.91	0.285	1	ENSG00000120265	nk
6:149932268-6:151591568	ENSG00000120265_cd8_tem		ENSG00000120265_cd8_tem		onek1k		6	148749665.0	150811420.0	42	trait	blup		0.0119440588953372	0.0003856671419622	6:149937324-6:151590779	-3.77	0.828	1	ENSG00000120265	cd8_tem
5:151181737-5:153488214	ENSG00000177556_nk		ENSG00000177556_nk		onek1k		5	150742315.0	152758779.0	30	trait	lasso		0.0034192651491496	0.0379034318397902	5:151184701-5:153485826	3.05	0.326	1	ENSG00000177556	nk
5:151181737-5:153488214	ENSG00000177556_cd14_mono		ENSG00000177556_cd14_mono		onek1k		5	150742315.0	152758779.0	30	trait	lasso		0.0034632158351664	0.0401936462366042	5:151184701-5:153485826	2.94	0.244	1	ENSG00000177556	cd14_mono
16:55869862-16:57630418	ENSG00000051108_nk		ENSG00000051108_nk		onek1k		16	55932047.0	57944863.0	72	trait	lasso		0.0067664820831562	0.0059644852365309	16:55871135-16:57628827	-2.52	0.0696	1	ENSG00000051108	nk
3:45123661-3:46616010	ENSG00000160799_nk		ENSG00000160799_nk		onek1k		3	45921725.0	47982010.0	35	trait	blup		0.0013748630406522	0.127009009318865	3:45124169-3:46613222	-2.48	0.134	1	ENSG00000160799	nk
2:8282017-2:10158342	ENSG00000236790_nk		ENSG00000236790_nk		onek1k		2	7007770.0	9383621.0	45	trait	enet		0.0461385175237165	8.47176499279986e-12	2:8282704-2:10156725	6.35	1.0	1	ENSG00000236790	nk
2:8282017-2:10158342	ENSG00000115738_cd8_tem		ENSG00000115738_cd8_tem		onek1k		2	7678853.0	9684453.0	45	trait	lasso		0.0004732917482453	0.2275617178512385	2:8282704-2:10156725	2.91	0.293	1	ENSG00000115738	cd8_tem
4:37253425-4:38905401	ENSG00000109787_nk		ENSG00000109787_nk		onek1k		4	37680586.0	39701042.0	28	trait	lasso		0.0002835210015799	0.2591992769722999	4:37253667-4:38904581	-8.34	1.0	1	ENSG00000109787	nk
4:37253425-4:38905401	ENSG00000109787_cd4_tcm		ENSG00000109787_cd4_tcm		onek1k		4	37680586.0	39701042.0	28	trait	blup		0.0105925688408056	0.0007787116462557	4:37253667-4:38904581	1.87	0.113	1	ENSG00000109787	cd4_tcm
4:38905401-4:40200989	ENSG00000168421_cd4_tem		ENSG00000168421_cd4_tem		onek1k		4	39191052.0	41246967.0	37	trait	lasso		0.0018573798574629	0.0987815765959296	4:38908038-4:40200519	-3.45	0.566	1	ENSG00000168421	cd4_tem
4:38905401-4:40200989	ENSG00000078140_b_intermediate		ENSG00000078140_b_intermediate		onek1k		4	38698043.0	40782792.0	37	trait	blup		0.0006768952104257	0.199049003926694	4:38908038-4:40200519	-2.86	0.132	1	ENSG00000078140	b_intermediate
4:38905401-4:40200989	ENSG00000109787_cd4_ctl		ENSG00000109787_cd4_ctl		onek1k		4	37680586.0	39701042.0	37	trait	lasso		0.0003536159017895	0.2571559307627484	4:38908038-4:40200519	2.35	0.0934	1	ENSG00000109787	cd4_ctl
4:38905401-4:40200989	ENSG00000163682_cd4_tcm		ENSG00000163682_cd4_tcm		onek1k		4	38454123.0	40458586.0	37	trait	enet		0.0767205915746755	9.557629511620698e-19	4:38908038-4:40200519	2.07	0.0378	1	ENSG00000163682	cd4_tcm
6:1452127-6:2458702	ENSG00000021355_cd8_tem		ENSG00000021355_cd8_tem		onek1k		6	1832331.0	3842006.0	9	trait	blup		0.0022435283893583	0.0751161283029976	6:1454334-6:2455853	-0.719	0.0987	1	ENSG00000021355	cd8_tem
6:2458702-6:3573359	ENSG00000124570_nk		ENSG00000124570_nk		onek1k		6	1948158.0	3972165.0	32	trait	enet		0.0638810672382365	8.287890717408748e-16	6:2461203-6:3573222	3.01	0.364	1	ENSG00000124570	nk
1:34334157-1:37083582	ENSG00000181817_b_naive		ENSG00000181817_b_naive		onek1k		1	35391237.0	37397892.0	59	trait	blup		0.0060647814669191	0.0088740254357195	1:34337704-1:37077776	-3.07	0.231	1	ENSG00000181817	b_naive
1:34334157-1:37083582	ENSG00000054116_cd16_mono		ENSG00000054116_cd16_mono		onek1k		1	35136569.0	37155964.0	59	trait	blup		0.0001817245469938	0.2809375446835753	1:34337704-1:37077776	-2.63	0.0754	1	ENSG00000054116	cd16_mono
1:34334157-1:37083582	ENSG00000126067_cd14_mono		ENSG00000126067_cd14_mono		onek1k		1	34599543.0	36641844.0	59	trait	blup		0.0006330613197359	0.2080412478533374	1:34337704-1:37077776	2.37	0.0591	1	ENSG00000126067	cd14_mono
1:37083582-1:38266175	ENSG00000163875_nk		ENSG00000163875_nk		onek1k		1	36492574.0	38514774.0	40	trait	enet		0.0026835805872572	0.0579140824325168	1:37084522-1:38264819	-4.88	0.774	1	ENSG00000163875	nk
1:37083582-1:38266175	ENSG00000163875_cd4_tcm		ENSG00000163875_cd4_tcm		onek1k		1	36492574.0	38514774.0	40	trait	lasso		0.1008331752300247	2.3237505752366267e-24	1:37084522-1:38264819	-4.61	0.237	1	ENSG00000163875	cd4_tcm
1:210614406-1:212668988	ENSG00000066027_nk		ENSG00000066027_nk		onek1k		1	211285536.0	213361863.0	50	trait	enet		0.0024576168930423	0.0661051613972082	1:210615064-1:212668552	4.01	0.879	1	ENSG00000066027	nk
1:212668988-1:214404923	ENSG00000117697_cd16_mono		ENSG00000117697_cd16_mono		onek1k		1	211726152.0	213791782.0	23	trait	lasso		0.00652217514733	0.0086613839681706	1:212669475-1:214403709	-2.15	0.111	1	ENSG00000117697	cd16_mono
3:168863172-3:171247120	ENSG00000163584_b_intermediate		ENSG00000163584_b_intermediate		onek1k		3	169864874.0	171870483.0	50	trait	lasso		0.0047884566887836	0.0178651744987891	3:168864643-3:171241762	-2.51	0.0856	1	ENSG00000163584	b_intermediate
1:41509656-1:43292786	ENSG00000065978_nk		ENSG00000065978_nk		onek1k		1	41682426.0	43702349.0	46	trait	lasso		0.001145891286718	0.146616369023899	1:41519146-1:43290037	-2.98	0.267	1	ENSG00000065978	nk
1:43292786-1:44503511	ENSG00000117410_cd4_naive		ENSG00000117410_cd4_naive		onek1k		1	42974486.0	44978295.0	44	trait	lasso		0.0016898776121344	0.1047347904597815	1:43292806-1:44503040	-2.09	0.0528	1	ENSG00000117410	cd4_naive
9:4495328-9:4884926	ENSG00000107020_mait		ENSG00000107020_mait		onek1k		9	4357972.0	6437878.0	12	trait	blup		0.0009068540680486	0.1851346340945034	9:4497428-9:4884849	1.75	0.118	1	ENSG00000107020	mait
9:4495328-9:4884926	ENSG00000096968_cd16_mono		ENSG00000096968_cd16_mono		onek1k		9	3984389.0	6128183.0	12	trait	blup		0.0022241900229429	0.083058930339584	9:4497428-9:4884849	1.63	0.101	1	ENSG00000096968	cd16_mono
9:4884926-9:6557589	ENSG00000183354_nk_cd56bright		ENSG00000183354_nk_cd56bright		onek1k		9	4881595.0	7007825.0	46	trait	lasso		0.0012828787692219	0.1407002132809863	9:4885267-9:6556948	-4.82	0.997	1	ENSG00000183354	nk_cd56bright
4:2841252-4:3844313	ENSG00000109736_nk_cd56bright		ENSG00000109736_nk_cd56bright		onek1k		4	1930560.0	3934859.0	22	trait	blup		0.0003981349782656	0.2431433830826445	4:2845274-4:3844008	3.49	0.792	1	ENSG00000109736	nk_cd56bright
4:2841252-4:3844313	ENSG00000109736_cd4_tcm		ENSG00000109736_cd4_tcm		onek1k		4	1930560.0	3934859.0	22	trait	lasso		0.0156290618777934	5.628388987295107e-05	4:2845274-4:3844008	1.87	0.117	1	ENSG00000109736	cd4_tcm
17:53748757-17:55522071	ENSG00000166260_nk_cd56bright		ENSG00000166260_nk_cd56bright		onek1k		17	53951901.0	55968764.0	17	trait	blup		0.0012012772164101	0.1477111129292256	17:53751686-17:55520091	-1.94	0.113	1	ENSG00000166260	nk_cd56bright
1:91420760-1:93070902	ENSG00000122406_cd8_tcm		ENSG00000122406_cd8_tcm		onek1k		1	91832024.0	93841924.0	40	trait	lasso		0.0046001166644308	0.0198736830695821	1:91426726-1:93065983	3.28	0.487	1	ENSG00000122406	cd8_tcm
1:93070902-1:94040635	ENSG00000223745_b_naive		ENSG00000223745_b_naive		onek1k		1	92262185.0	94345887.0	29	trait	lasso		0.0563724026023887	4.8520054145520995e-14	1:93071048-1:94037329	3.6	0.225	1	ENSG00000223745	b_naive
1:93070902-1:94040635	ENSG00000223745_cd8_tem		ENSG00000223745_cd8_tem		onek1k		1	92262185.0	94345887.0	29	trait	lasso		0.0663886176673161	2.303359908311185e-16	1:93071048-1:94037329	3.49	0.166	1	ENSG00000223745	cd8_tem
1:93070902-1:94040635	ENSG00000223745_cd4_naive		ENSG00000223745_cd4_naive		onek1k		1	92262185.0	94345887.0	29	trait	lasso		0.0625355107118449	1.732604298083456e-15	1:93071048-1:94037329	3.36	0.114	1	ENSG00000223745	cd4_naive
1:93070902-1:94040635	ENSG00000223745_nk_cd56bright		ENSG00000223745_nk_cd56bright		onek1k		1	92262185.0	94345887.0	29	trait	lasso		0.0202206846393716	9.352040516123354e-06	1:93071048-1:94037329	3.3	0.105	1	ENSG00000223745	nk_cd56bright
1:93070902-1:94040635	ENSG00000223745_b_memory		ENSG00000223745_b_memory		onek1k		1	92262185.0	94345887.0	29	trait	lasso		0.0237716424782504	8.775713331348142e-07	1:93071048-1:94037329	3.3	0.0977	1	ENSG00000223745	b_memory
1:93070902-1:94040635	ENSG00000223745_treg		ENSG00000223745_treg		onek1k		1	92262185.0	94345887.0	29	trait	lasso		0.0201329587953543	7.018332933664856e-06	1:93071048-1:94037329	3.29	0.0949	1	ENSG00000223745	treg
1:93070902-1:94040635	ENSG00000067334_cd8_tcm		ENSG00000067334_cd8_tcm		onek1k		1	92866282.0	94879918.0	29	trait	lasso		0.0042247871194666	0.0244668501374546	1:93071048-1:94037329	-3.26	0.0879	1	ENSG00000067334	cd8_tcm
1:93070902-1:94040635	ENSG00000117505_mait		ENSG00000117505_mait		onek1k		1	92346025.0	94369498.0	29	trait	lasso		0.0012439640401072	0.1534578413232745	1:93071048-1:94037329	-2.37	0.0745	1	ENSG00000117505	mait
1:93070902-1:94040635	ENSG00000223745_cd8_tcm		ENSG00000223745_cd8_tcm		onek1k		1	92262185.0	94345887.0	29	trait	enet		0.0288263283779419	7.001372424283021e-08	1:93071048-1:94037329	3.18	0.0735	1	ENSG00000223745	cd8_tcm
1:93070902-1:94040635	ENSG00000223745_cd4_tem		ENSG00000223745_cd4_tem		onek1k		1	92262185.0	94345887.0	29	trait	lasso		0.0059211238888999	0.0107086778364527	1:93071048-1:94037329	3.15	0.067	1	ENSG00000223745	cd4_tem
1:93070902-1:94040635	ENSG00000223745_cd4_tcm		ENSG00000223745_cd4_tcm		onek1k		1	92262185.0	94345887.0	29	trait	enet		0.3266764630075708	2.3979940099858904e-85	1:93071048-1:94037329	3.07	0.0566	1	ENSG00000223745	cd4_tcm
2:101205867-2:102072305	ENSG00000163162_cd8_tcm		ENSG00000163162_cd8_tcm		onek1k		2	100271218.0	102308701.0	15	trait	blup		0.0027121015091778	0.0576145008982046	2:101205999-2:102069002	2.91	0.445	1	ENSG00000163162	cd8_tcm
2:101205867-2:102072305	ENSG00000071054_cd14_mono		ENSG00000071054_cd14_mono		onek1k		2	100696849.0	102894689.0	15	trait	blup		0.0048141233779402	0.0193993517477797	2:101205999-2:102069002	-2.49	0.191	1	ENSG00000071054	cd14_mono
2:102072305-2:102971757	ENSG00000115604_nk_cd56bright		ENSG00000115604_nk_cd56bright		onek1k		2	101355928.0	103398775.0	17	trait	lasso		-2.06487294749369e-05	0.3221830473122596	2:102077378-2:102968362	5.13	1.0	1	ENSG00000115604	nk_cd56bright
6:165173375-6:166611245	ENSG00000198818_gdt		ENSG00000198818_gdt		onek1k		6	165319727.0	167342591.0	26	trait	lasso		0.0109391386976125	0.0007524948757337	6:165173588-6:166610740	3.44	0.751	1	ENSG00000198818	gdt
6:165173375-6:166611245	ENSG00000060762_b_intermediate		ENSG00000060762_b_intermediate		onek1k		6	165364918.0	167383013.0	26	trait	blup		0.0009812182424192	0.1634641956928937	6:165173588-6:166610740	2.43	0.281	1	ENSG00000060762	b_intermediate
6:166611245-6:167642155	ENSG00000026297_nk_cd56bright		ENSG00000026297_nk_cd56bright		onek1k		6	165929503.0	167957184.0	18	trait	lasso		0.0013226337325898	0.1374205235312808	6:166612111-6:167640534	4.72	1.0	1	ENSG00000026297	nk_cd56bright
6:166611245-6:167642155	ENSG00000026297_cd14_mono		ENSG00000026297_cd14_mono		onek1k		6	165929503.0	167957184.0	18	trait	lasso		0.0043143268232195	0.0253404306542364	6:166612111-6:167640534	2.03	0.978	1	ENSG00000026297	cd14_mono
6:166611245-6:167642155	ENSG00000060762_cd4_tem		ENSG00000060762_cd4_tem		onek1k		6	165364918.0	167383013.0	18	trait	enet		0.0026356901495212	0.0632749502717073	6:166612111-6:167640534	-2.4	0.184	1	ENSG00000060762	cd4_tem
2:60064865-2:62201909	ENSG00000162924_nk_cd56bright		ENSG00000162924_nk_cd56bright		onek1k		2	59881520.0	61925908.0	51	trait	lasso		0.0080978948651531	0.0037145870454384	2:60068526-2:62201884	-4.54	0.976	1	ENSG00000162924	nk_cd56bright
2:60064865-2:62201909	ENSG00000115484_b_memory		ENSG00000115484_b_memory		onek1k		2	60868088.0	62888723.0	51	trait	lasso		0.0010867895582602	0.1525410249836691	2:60068526-2:62201884	3.06	0.124	1	ENSG00000115484	b_memory
3:13029299-3:14775393	ENSG00000154767_nk_cd56bright		ENSG00000154767_nk_cd56bright		onek1k		3	13145146.0	15173062.0	31	trait	enet		0.0036587565707062	0.0371473174686675	3:13032126-3:14773267	2.13	0.0955	1	ENSG00000154767	nk_cd56bright
9:112930865-9:114257521	ENSG00000176386_nk_cd56bright		ENSG00000176386_nk_cd56bright		onek1k		9	112255834.0	114273438.0	29	trait	lasso		-0.0002984199193081	0.393975121814531	9:112931646-9:114253493	2.42	0.133	1	ENSG00000176386	nk_cd56bright
9:112930865-9:114257521	ENSG00000106948_b_naive		ENSG00000106948_b_naive		onek1k		9	113334155.0	115394405.0	29	trait	lasso		0.004291061286525	0.0234657083789424	9:112931646-9:114253493	-2.24	0.0895	1	ENSG00000106948	b_naive
2:129309597-2:129900512	ENSG00000136710_nk_cd56bright		ENSG00000136710_nk_cd56bright		onek1k		2	129338240.0	131342224.0	2	trait	blup		-0.0009599681205896	0.7254241473107143	2:129313433-2:129899376	0.167	0.497	1	ENSG00000136710	nk_cd56bright
11:122721202-11:123629409	ENSG00000109971_nk_cd56bright		ENSG00000109971_nk_cd56bright		onek1k		11	122057488.0	124063230.0	23	trait	lasso		-2.895764652888211e-05	0.3240619214546765	11:122723751-11:123627668	-2.26	0.135	1	ENSG00000109971	nk_cd56bright
5:81185652-5:82729829	ENSG00000145687_nk_cd56bright		ENSG00000145687_nk_cd56bright		onek1k		5	80413020.0	82751797.0	19	trait	blup		0.0002279389943056	0.2719422313527185	5:81188142-5:82726050	-2.37	0.191	1	ENSG00000145687	nk_cd56bright
20:23313153-20:24737088	ENSG00000101474_nk_cd56bright		ENSG00000101474_nk_cd56bright		onek1k		20	23962924.0	25992979.0	42	trait	lasso		0.0015965133257401	0.117010353705889	20:23313192-20:24735946	-3.73	0.807	1	ENSG00000101474	nk_cd56bright
20:24737088-20:25363595	ENSG00000100997_cd16_mono		ENSG00000100997_cd16_mono		onek1k		20	24294742.0	26390983.0	19	trait	lasso		0.0037359426836404	0.0365896836871628	20:24738226-20:25363057	-2.15	0.135	1	ENSG00000100997	cd16_mono
18:77101859-18:78216317	ENSG00000197971_nk_cd56bright		ENSG00000197971_nk_cd56bright		onek1k		18	75979197.0	78133683.0	15	trait	enet		0.0031119386493499	0.0499547107541812	18:77102423-18:78015180	-1.77	0.103	1	ENSG00000197971	nk_cd56bright
12:60729948-12:63638681	ENSG00000135655_nk_cd56bright		ENSG00000135655_nk_cd56bright		onek1k		12	61260337.0	63417431.0	33	trait	blup		0.0015667211322272	0.1190587047352251	12:60732251-12:63633448	-2.42	0.126	1	ENSG00000135655	nk_cd56bright
15:71630310-15:73336373	ENSG00000067225_nk_cd56bright		ENSG00000067225_nk_cd56bright		onek1k		15	71199028.0	73231822.0	43	trait	lasso		0.003336645331025	0.0442057265646856	15:71631026-15:73334993	2.74	0.172	1	ENSG00000067225	nk_cd56bright
19:33772047-19:35978393	ENSG00000105698_nk_cd56bright		ENSG00000105698_nk_cd56bright		onek1k		19	34268977.0	36279815.0	123	trait	blup		0.0012634334449054	0.1423362959787446	19:33774591-19:35978299	4.42	0.842	1	ENSG00000105698	nk_cd56bright
19:33772047-19:35978393	ENSG00000161265_cd4_tem		ENSG00000161265_cd4_tem		onek1k		19	34742463.0	36744981.0	123	trait	blup		0.0080896754950586	0.0034728452943024	19:33774591-19:35978299	-3.72	0.0771	1	ENSG00000161265	cd4_tem
19:33772047-19:35978393	ENSG00000089351_cd4_tcm		ENSG00000089351_cd4_tcm		onek1k		19	33994783.0	36026471.0	123	trait	enet		0.0510794834754966	6.556085634901697e-13	19:33774591-19:35978299	-3.5	0.074	1	ENSG00000089351	cd4_tcm
19:33772047-19:35978393	ENSG00000205155_cd4_tcm		ENSG00000205155_cd4_tcm		onek1k		19	34745113.0	36747519.0	123	trait	lasso		0.0001465290143222	0.2855261341545773	19:33774591-19:35978299	3.32	0.0596	1	ENSG00000205155	cd4_tcm
19:33772047-19:35978393	ENSG00000124299_cd16_mono		ENSG00000124299_cd16_mono		onek1k		19	32386949.0	34521794.0	123	trait	enet		0.0026062095054932	0.0672520976210549	19:33774591-19:35978299	2.08	0.0391	1	ENSG00000124299	cd16_mono
19:33772047-19:35978393	ENSG00000126264_cd4_tem		ENSG00000126264_cd4_tem		onek1k		19	34903855.0	36904377.0	123	trait	lasso		0.0032867793575132	0.0440217718625488	19:33774591-19:35978299	3.13	0.0348	1	ENSG00000126264	cd4_tem
19:33772047-19:35978393	ENSG00000257103_mait		ENSG00000257103_mait		onek1k		19	33172503.0	35229515.0	123	trait	lasso		0.0013719312143846	0.1430847632158922	19:33774591-19:35978299	2.23	0.0322	1	ENSG00000257103	mait
19:35978393-19:37036131	ENSG00000105258_cd4_tcm		ENSG00000105258_cd4_tcm		onek1k		19	35113711.0	37114251.0	49	trait	lasso		0.0353596428509788	2.194388822898322e-09	19:35978458-19:37034582	2.22	0.0491	1	ENSG00000105258	cd4_tcm
19:35978393-19:37036131	ENSG00000126246_cd4_ctl		ENSG00000126246_cd4_ctl		onek1k		19	34738878.0	36742453.0	49	trait	lasso		0.0264411402940271	1.983896644741242e-06	19:35978458-19:37034582	2.15	0.034	1	ENSG00000126246	cd4_ctl
19:35978393-19:37036131	ENSG00000126246_cd16_mono		ENSG00000126246_cd16_mono		onek1k		19	34738878.0	36742453.0	49	trait	lasso		0.0542568215271432	8.203926025999105e-13	19:35978458-19:37034582	2.12	0.0331	1	ENSG00000126246	cd16_mono
19:35978393-19:37036131	ENSG00000126246_b_memory		ENSG00000126246_b_memory		onek1k		19	34738878.0	36742453.0	49	trait	enet		0.0884066036922199	2.172204706876745e-21	19:35978458-19:37034582	2.08	0.0308	1	ENSG00000126246	b_memory
19:35978393-19:37036131	ENSG00000126246_cd8_tem		ENSG00000126246_cd8_tem		onek1k		19	34738878.0	36742453.0	49	trait	lasso		0.1658311583574807	3.505858113402271e-40	19:35978458-19:37034582	2.07	0.0294	1	ENSG00000126246	cd8_tem
19:35978393-19:37036131	ENSG00000126246_cd14_mono		ENSG00000126246_cd14_mono		onek1k		19	34738878.0	36742453.0	49	trait	lasso		0.0777191393157077	3.018602683003569e-18	19:35978458-19:37034582	2.07	0.0294	1	ENSG00000126246	cd14_mono
19:35978393-19:37036131	ENSG00000161265_cd8_naive		ENSG00000161265_cd8_naive		onek1k		19	34742463.0	36744981.0	49	trait	lasso		0.0107453585867992	0.0008072576475169	19:35978458-19:37034582	-2.05	0.0285	1	ENSG00000161265	cd8_naive
19:35978393-19:37036131	ENSG00000126246_nk		ENSG00000126246_nk		onek1k		19	34738878.0	36742453.0	49	trait	lasso		0.2153486238383476	3.974536223060661e-53	19:35978458-19:37034582	2.04	0.028	1	ENSG00000126246	nk
19:35978393-19:37036131	ENSG00000126246_b_intermediate		ENSG00000126246_b_intermediate		onek1k		19	34738878.0	36742453.0	49	trait	lasso		0.0736375911502268	6.164086198300357e-18	19:35978458-19:37034582	1.9	0.0221	1	ENSG00000126246	b_intermediate
19:35978393-19:37036131	ENSG00000105254_b_memory		ENSG00000105254_b_memory		onek1k		19	35114288.0	37125947.0	49	trait	blup		0.0036142578715077	0.0341413671135058	19:35978458-19:37034582	-1.9	0.0208	1	ENSG00000105254	b_memory
12:94120791-12:95627009	ENSG00000184752_treg		ENSG00000184752_treg		onek1k		12	93897054.0	96003770.0	35	trait	blup		0.0001196278324526	0.2916872796820101	12:94121314-12:95624576	2.4	0.11	1	ENSG00000184752	treg
12:94120791-12:95627009	ENSG00000111142_nk_cd56bright		ENSG00000111142_nk_cd56bright		onek1k		12	94473519.0	96515839.0	35	trait	blup		0.0003690952493942	0.2477817976331118	12:94121314-12:95624576	2.05	0.0547	1	ENSG00000111142	nk_cd56bright
12:95627009-12:96715061	ENSG00000111144_cd4_naive		ENSG00000111144_cd4_naive		onek1k		12	95000827.0	97043520.0	23	trait	blup		0.0035307527250765	0.0356464000315086	12:95631276-12:96705601	2.46	0.172	1	ENSG00000111144	cd4_naive
10:19427949-10:22483354	ENSG00000148444_nk_cd56bright		ENSG00000148444_nk_cd56bright		onek1k		10	21315973.0	23320308.0	54	trait	lasso		0.0061354373338715	0.0101138068478443	10:19429415-10:22483011	-5.24	0.999	1	ENSG00000148444	nk_cd56bright
10:22483354-10:22886203	ENSG00000150867_cd4_tcm		ENSG00000150867_cd4_tcm		onek1k		10	21534848.0	23714555.0	3	trait	enet		0.0521640653477221	3.7341736876811915e-13	10:22484274-10:22885232	-4.03	0.898	1	ENSG00000150867	cd4_tcm
10:22483354-10:22886203	ENSG00000150867_nk		ENSG00000150867_nk		onek1k		10	21534848.0	23714555.0	3	trait	lasso		0.0177098386192371	1.9181104280289825e-05	10:22484274-10:22885232	-3.48	0.295	1	ENSG00000150867	nk
10:22483354-10:22886203	ENSG00000150867_cd4_naive		ENSG00000150867_cd4_naive		onek1k		10	21534848.0	23714555.0	3	trait	blup		0.003321179992476	0.040164956596118	10:22484274-10:22885232	-2.42	0.235	1	ENSG00000150867	cd4_naive
22:27438791-22:29255810	ENSG00000182944_nk		ENSG00000182944_nk		onek1k		22	28268008.0	30300525.0	30	trait	blup		0.0011270182806459	0.1483782690545094	22:27439443-22:29253364	2.42	0.139	1	ENSG00000182944	nk
22:29255810-22:31043932	ENSG00000100100_cd4_naive		ENSG00000100100_cd4_naive		onek1k		22	30281592.0	32292498.0	71	trait	blup		0.0017701948582556	0.0997457627477029	22:29257147-22:31043484	-3.66	0.59	1	ENSG00000100100	cd4_naive
22:29255810-22:31043932	ENSG00000100319_cd16_mono		ENSG00000100319_cd16_mono		onek1k		22	28738329.0	30766961.0	71	trait	blup		0.0010055637881501	0.1675356621435632	22:29257147-22:31043484	2.4	0.0443	1	ENSG00000100319	cd16_mono
22:29255810-22:31043932	ENSG00000242114_cd8_tem		ENSG00000242114_cd8_tem		onek1k		22	29425529.0	31429053.0	71	trait	lasso		0.007760142904944	0.0035114673318332	22:29257147-22:31043484	2.57	0.0344	1	ENSG00000242114	cd8_tem
22:29255810-22:31043932	ENSG00000242114_cd4_tem		ENSG00000242114_cd4_tem		onek1k		22	29425529.0	31429053.0	71	trait	blup		0.0067497437793314	0.006944332416872	22:29257147-22:31043484	2.6	0.0341	1	ENSG00000242114	cd4_tem
22:31043932-22:32268999	ENSG00000198089_cd8_naive		ENSG00000198089_cd8_naive		onek1k		22	30488745.0	32618490.0	53	trait	enet		0.0047204737668923	0.01926329711843	22:31046587-22:32268400	2.23	0.0543	1	ENSG00000198089	cd8_naive
22:31043932-22:32268999	ENSG00000128245_cd4_ctl		ENSG00000128245_cd4_ctl		onek1k		22	30944460.0	32957603.0	53	trait	lasso		0.0042332963702332	0.0355166146725077	22:31046587-22:32268400	2.08	0.0407	1	ENSG00000128245	cd4_ctl
4:48121583-4:53011266	ENSG00000145247_cd8_naive		ENSG00000145247_cd8_naive		onek1k		4	47885018.0	49906937.0	56	trait	lasso		0.002280023472848	0.0754885312038675	4:48122948-4:52997933	2.2	0.0497	1	ENSG00000145247	cd8_naive
8:88073253-8:89625933	ENSG00000104325_nk		ENSG00000104325_nk		onek1k		8	89001404.0	91052092.0	8	trait	blup		0.002037125126852	0.0848293589850401	8:88075043-8:89615855	2.26	0.329	1	ENSG00000104325	nk
8:89625933-8:92542158	ENSG00000253738_cd8_naive		ENSG00000253738_cd8_naive		onek1k		8	90059908.0	92070189.0	39	trait	lasso		0.0018158548877498	0.0991468016492689	8:89628612-8:92531216	2.79	0.207	1	ENSG00000253738	cd8_naive
9:127293231-9:129403191	ENSG00000160446_cd16_mono		ENSG00000160446_cd16_mono		onek1k		9	127720918.0	129724127.0	99	trait	lasso		0.0037997324902034	0.0353732059894081	9:127294185-9:129399870	-3.37	0.339	1	ENSG00000160446	cd16_mono
9:129403191-9:130347830	ENSG00000187239_cd8_naive		ENSG00000187239_cd8_naive		onek1k		9	128887186.0	131043194.0	27	trait	lasso		0.0094015503483635	0.0016175961609915	9:129405004-9:130341510	2.56	0.181	1	ENSG00000187239	cd8_naive
9:129403191-9:130347830	ENSG00000187239_b_naive		ENSG00000187239_b_naive		onek1k		9	128887186.0	131043194.0	27	trait	lasso		0.0119207675509682	0.0004005442825489	9:129405004-9:130341510	2.37	0.123	1	ENSG00000187239	b_naive
14:63323296-14:64753580	ENSG00000125952_cd8_naive		ENSG00000125952_cd8_naive		onek1k		14	64006173.0	66102695.0	38	trait	blup		0.0018467665333953	0.0973441325478635	14:63323954-14:64751372	3.25	0.441	1	ENSG00000125952	cd8_naive
14:63323296-14:64753580	ENSG00000125952_cd4_tcm		ENSG00000125952_cd4_tcm		onek1k		14	64006173.0	66102695.0	38	trait	blup		0.001121541052555	0.1488940591191823	14:63323954-14:64751372	2.59	0.0821	1	ENSG00000125952	cd4_tcm
14:64753580-14:65932837	ENSG00000258289_b_naive		ENSG00000258289_b_naive		onek1k		14	63914360.0	65944591.0	26	trait	lasso		0.0024016346924539	0.0688213232744841	14:64754361-14:65932597	3.32	0.511	1	ENSG00000258289	b_naive
14:64753580-14:65932837	ENSG00000258289_cd4_tcm		ENSG00000258289_cd4_tcm		onek1k		14	63914360.0	65944591.0	26	trait	enet		0.0862716974977962	5.9192768355381634e-21	14:64754361-14:65932597	2.87	0.162	1	ENSG00000258289	cd4_tcm
14:64753580-14:65932837	ENSG00000125952_nk		ENSG00000125952_nk		onek1k		14	64006173.0	66102695.0	26	trait	lasso		1.9552776159059704e-05	0.3130260627055677	14:64754361-14:65932597	2.58	0.126	1	ENSG00000125952	nk
14:64753580-14:65932837	ENSG00000258289_gdt		ENSG00000258289_gdt		onek1k		14	63914360.0	65944591.0	26	trait	lasso		0.0087207638740278	0.0023606780844557	14:64754361-14:65932597	-2.35	0.0511	1	ENSG00000258289	gdt
4:25607700-4:27342100	ENSG00000109689_cd8_naive		ENSG00000109689_cd8_naive		onek1k		4	25857677.0	28025381.0	27	trait	blup		0.0150976962256845	8.70850964153674e-05	4:25614935-4:27339904	3.16	0.566	1	ENSG00000109689	cd8_naive
4:25607700-4:27342100	ENSG00000168214_cd4_tcm		ENSG00000168214_cd4_tcm		onek1k		4	25163454.0	27435131.0	27	trait	lasso		0.0080072801302639	0.0030636683582569	4:25614935-4:27339904	-2.64	0.298	1	ENSG00000168214	cd4_tcm
3:42498510-3:45123661	ENSG00000163788_cd8_naive		ENSG00000163788_cd8_naive		onek1k		3	42286511.0	44424764.0	73	trait	lasso		0.0004569152887508	0.2315174904230482	3:42498693-3:45120140	-3.23	0.314	1	ENSG00000163788	cd8_naive
1:70906787-1:71218722	ENSG00000132485_cd8_naive		ENSG00000132485_cd8_naive		onek1k		1	70063290.0	72081297.0	7	trait	blup		0.0005731682746765	0.2143791641687434	1:70910065-1:71210705	-0.507	0.132	1	ENSG00000132485	cd8_naive
1:234463688-1:235656136	ENSG00000168264_cd8_naive		ENSG00000168264_cd8_naive		onek1k		1	233604268.0	235609525.0	43	trait	lasso		0.0074344255711535	0.0045205257882027	1:234468324-1:235654845	2.9	0.246	1	ENSG00000168264	cd8_naive
12:119316305-12:121569746	ENSG00000089159_nk		ENSG00000089159_nk		onek1k		12	119210519.0	121265771.0	75	trait	enet		-0.0007253267161466	0.5850178587627612	12:119316699-12:121569634	2.73	0.0903	1	ENSG00000089159	nk
4:88316876-4:89310413	ENSG00000163644_cd8_naive		ENSG00000163644_cd8_naive		onek1k		4	87257619.0	89284769.0	17	trait	enet		2.016505901403232e-05	0.3129864471244947	4:88327224-4:89310367	2.2	0.148	1	ENSG00000163644	cd8_naive
4:88316876-4:89310413	ENSG00000163644_gdt		ENSG00000163644_gdt		onek1k		4	87257619.0	89284769.0	17	trait	lasso		0.0067952370459334	0.0064556813737151	4:88327224-4:89310367	2.1	0.125	1	ENSG00000163644	gdt
11:8311727-11:9065770	ENSG00000175348_cd8_naive		ENSG00000175348_cd8_naive		onek1k		11	7947293.0	9964674.0	19	trait	blup		0.0004177246188599	0.237662788161462	11:8313789-11:9065266	3.34	0.525	1	ENSG00000175348	cd8_naive
11:8311727-11:9065770	ENSG00000166441_b_memory		ENSG00000166441_b_memory		onek1k		11	7682410.0	9714759.0	19	trait	blup		0.0176198503089258	2.0664489672827867e-05	11:8313789-11:9065266	-2.84	0.141	1	ENSG00000166441	b_memory
11:8311727-11:9065770	ENSG00000166441_b_naive		ENSG00000166441_b_naive		onek1k		11	7682410.0	9714759.0	19	trait	blup		0.0529208141517764	2.894832574644344e-13	11:8313789-11:9065266	-2.47	0.0712	1	ENSG00000166441	b_naive
11:8311727-11:9065770	ENSG00000166441_b_intermediate		ENSG00000166441_b_intermediate		onek1k		11	7682410.0	9714759.0	19	trait	lasso		0.0023446269802902	0.0712659286992384	11:8313789-11:9065266	-2.33	0.0603	1	ENSG00000166441	b_intermediate
11:8311727-11:9065770	ENSG00000166441_treg		ENSG00000166441_treg		onek1k		11	7682410.0	9714759.0	19	trait	blup		0.0049011130805199	0.0176102384761465	11:8313789-11:9065266	-2.37	0.06	1	ENSG00000166441	treg
11:9065770-11:10930480	ENSG00000133789_b_memory		ENSG00000133789_b_memory		onek1k		11	8664076.0	10752991.0	45	trait	lasso		0.0076015823983353	0.0038545994571413	11:9068716-11:10922394	2.58	0.075	1	ENSG00000133789	b_memory
15:58149167-15:59401917	ENSG00000137776_cd8_naive		ENSG00000137776_cd8_naive		onek1k		15	57879044.0	59933653.0	45	trait	enet		0.0010189891040947	0.1610957620539131	15:58150369-15:59397947	2.52	0.112	1	ENSG00000137776	cd8_naive
16:87613743-16:88974757	ENSG00000198931_cd4_naive		ENSG00000198931_cd4_naive		onek1k		16	87809338.0	89811944.0	51	trait	blup		0.000979193054664	0.163143984891561	16:87614294-16:88973937	3.2	0.341	1	ENSG00000198931	cd4_naive
16:87613743-16:88974757	ENSG00000051523_nk_cd56bright		ENSG00000051523_nk_cd56bright		onek1k		16	87643282.0	89651152.0	51	trait	lasso		0.0023972934545752	0.0741324944211924	16:87614294-16:88973937	3.05	0.313	1	ENSG00000051523	nk_cd56bright
16:87613743-16:88974757	ENSG00000051523_cd4_tcm		ENSG00000051523_cd4_tcm		onek1k		16	87643282.0	89651152.0	51	trait	enet		0.0063280343884871	0.0075616906235645	16:87614294-16:88973937	-2.02	0.0612	1	ENSG00000051523	cd4_tcm
16:87613743-16:88974757	ENSG00000051523_b_memory		ENSG00000051523_b_memory		onek1k		16	87643282.0	89651152.0	51	trait	lasso		0.0007649792076722	0.1876079208831632	16:87614294-16:88973937	-2.38	0.0478	1	ENSG00000051523	b_memory
16:87613743-16:88974757	ENSG00000167515_cd4_tcm		ENSG00000167515_cd4_tcm		onek1k		16	87857085.0	89862686.0	51	trait	lasso		0.1173103374449809	2.822516745911047e-28	16:87614294-16:88973937	2.37	0.0425	1	ENSG00000167515	cd4_tcm
16:87613743-16:88974757	ENSG00000167515_cd4_naive		ENSG00000167515_cd4_naive		onek1k		16	87857085.0	89862686.0	51	trait	lasso		0.0111155861254402	0.0005951250865676	16:87614294-16:88973937	2.34	0.0398	1	ENSG00000167515	cd4_naive
16:88974757-16:90226404	ENSG00000197912_cd8_naive		ENSG00000197912_cd8_naive		onek1k		16	88490916.0	90557768.0	57	trait	lasso		0.003754264334883	0.0327453383956547	16:88978850-16:90172696	3.44	0.459	1	ENSG00000197912	cd8_naive
16:88974757-16:90226404	ENSG00000051523_nk		ENSG00000051523_nk		onek1k		16	87643282.0	89651152.0	57	trait	lasso		0.0412875237084241	1.0368942504080503e-10	16:88978850-16:90172696	3.36	0.385	1	ENSG00000051523	nk
16:88974757-16:90226404	ENSG00000167508_nk		ENSG00000167508_nk		onek1k		16	87651934.0	89663161.0	57	trait	enet		0.0053972219926665	0.0125638352324063	16:88978850-16:90172696	-2.82	0.11	1	ENSG00000167508	nk
16:88974757-16:90226404	ENSG00000167515_nk		ENSG00000167515_nk		onek1k		16	87857085.0	89862686.0	57	trait	blup		0.0008344439979094	0.1790136422677479	16:88978850-16:90172696	-2.74	0.0429	1	ENSG00000167515	nk
17:1269105-17:2025437	ENSG00000108953_cd8_naive		ENSG00000108953_cd8_naive		onek1k		17	344271.0	2400378.0	28	trait	enet		0.0013114516995056	0.1343897886319217	17:1270427-17:2020989	2.6	0.203	1	ENSG00000108953	cd8_naive
17:2025437-17:3799018	ENSG00000007168_b_naive		ENSG00000007168_b_naive		onek1k		17	1593209.0	3685615.0	83	trait	enet		0.0005859236266425	0.2113006978465775	17:2027644-17:3797269	3.27	0.315	1	ENSG00000007168	b_naive
2:24464049-2:26672117	ENSG00000084754_cd8_naive		ENSG00000084754_cd8_naive		onek1k		2	25190634.0	27244726.0	47	trait	lasso		0.0034226779694981	0.0393876949460816	2:24468132-2:26672014	3.12	0.333	1	ENSG00000084754	cd8_naive
2:24464049-2:26672117	ENSG00000084754_cd4_tcm		ENSG00000084754_cd4_tcm		onek1k		2	25190634.0	27244726.0	47	trait	blup		0.0001226371450082	0.2904568078740642	2:24468132-2:26672014	-2.56	0.116	1	ENSG00000084754	cd4_tcm
2:24464049-2:26672117	ENSG00000084754_b_intermediate		ENSG00000084754_b_intermediate		onek1k		2	25190634.0	27244726.0	47	trait	lasso		0.0054363194392246	0.0125264289472735	2:24468132-2:26672014	-2.42	0.0723	1	ENSG00000084754	b_intermediate
2:26672117-2:28375910	ENSG00000115234_b_naive		ENSG00000115234_b_naive		onek1k		2	26370495.0	28377230.0	64	trait	lasso		-0.0001263068455996	0.3488804813496022	2:26676395-2:28375772	-3.13	0.272	1	ENSG00000115234	b_naive
4:117558763-4:119012357	ENSG00000269893_b_naive		ENSG00000269893_b_naive		onek1k		4	117278708.0	119279823.0	19	trait	blup		0.0176338284049438	2.0903249790016192e-05	4:117558986-4:119009894	2.64	0.226	1	ENSG00000269893	b_naive
4:117558763-4:119012357	ENSG00000164096_cd8_naive		ENSG00000164096_cd8_naive		onek1k		4	118296418.0	120304445.0	19	trait	enet		-0.0008909320832604	0.6928168126897675	4:117558986-4:119009894	2.59	0.214	1	ENSG00000164096	cd8_naive
4:117558763-4:119012357	ENSG00000269893_cd4_tcm		ENSG00000269893_cd4_tcm		onek1k		4	117278708.0	119279823.0	19	trait	enet		0.0561871033177544	4.610621461734535e-14	4:117558986-4:119009894	2.36	0.127	1	ENSG00000269893	cd4_tcm
6:40377376-6:42070983	ENSG00000214736_b_intermediate		ENSG00000214736_b_intermediate		onek1k		6	40787661.0	42789895.0	52	trait	blup		0.0007579353017993	0.1887646165258531	6:40378321-6:42068975	3.01	0.222	1	ENSG00000214736	b_intermediate
6:40377376-6:42070983	ENSG00000112576_treg		ENSG00000112576_treg		onek1k		6	40934932.0	43050357.0	52	trait	lasso		0.0002575863103091	0.2650848816306832	6:40378321-6:42068975	2.69	0.1	1	ENSG00000112576	treg
6:40377376-6:42070983	ENSG00000112576_cd4_tcm		ENSG00000112576_cd4_tcm		onek1k		6	40934932.0	43050357.0	52	trait	lasso		0.0359955156294243	1.582262661510562e-09	6:40378321-6:42068975	2.48	0.0594	1	ENSG00000112576	cd4_tcm
6:42070983-6:43788432	ENSG00000137161_mait		ENSG00000137161_mait		onek1k		6	41929191.0	43939287.0	67	trait	blup		0.0009664418519962	0.1790261880491176	6:42073958-6:43787855	4.44	0.827	1	ENSG00000137161	mait
6:42070983-6:43788432	ENSG00000124659_gdt		ENSG00000124659_gdt		onek1k		6	41744480.0	43746096.0	67	trait	lasso		0.0084152201897828	0.0027665079730708	6:42073958-6:43787855	-4.11	0.332	1	ENSG00000124659	gdt
6:42070983-6:43788432	ENSG00000112667_cd4_tcm		ENSG00000112667_cd4_tcm		onek1k		6	42225628.0	44229484.0	67	trait	lasso		0.0338112014181398	4.86477703550652e-09	6:42073958-6:43787855	-3.55	0.0756	1	ENSG00000112667	cd4_tcm
3:107263964-3:109803548	ENSG00000163519_cd4_naive		ENSG00000163519_cd4_naive		onek1k		3	107822697.0	109855005.0	44	trait	lasso		0.0099673363129704	0.0010884495424402	3:107266759-3:109800029	-2.39	0.0869	1	ENSG00000163519	cd4_naive
11:64037097-11:66131160	ENSG00000172500_nk		ENSG00000172500_nk		onek1k		11	64883920.0	66888539.0	138	trait	blup		0.0152991092056318	6.67841216608249e-05	11:64039998-11:66116911	-2.09	0.911	1	ENSG00000172500	nk
11:64037097-11:66131160	ENSG00000172543_nk		ENSG00000172543_nk		onek1k		11	64879808.0	66883741.0	138	trait	enet		0.4019424471859726	2.781198342507989e-110	11:64039998-11:66116911	-2.44	0.57	1	ENSG00000172543	nk
11:64037097-11:66131160	ENSG00000213445_cd8_tcm		ENSG00000213445_cd8_tcm		onek1k		11	64638096.0	66650930.0	138	trait	blup		0.0010245561905519	0.1591246534100583	11:64039998-11:66116911	3.73	0.425	1	ENSG00000213445	cd8_tcm
11:64037097-11:66131160	ENSG00000172543_cd4_ctl		ENSG00000172543_cd4_ctl		onek1k		11	64879808.0	66883741.0	138	trait	enet		0.0568403715238022	3.858543509617034e-12	11:64039998-11:66116911	-2.9	0.411	1	ENSG00000172543	cd4_ctl
11:64037097-11:66131160	ENSG00000014216_b_intermediate		ENSG00000014216_b_intermediate		onek1k		11	64181193.0	66212006.0	138	trait	enet		0.0017969249172471	0.0986978510010136	11:64039998-11:66116911	3.09	0.127	1	ENSG00000014216	b_intermediate
11:64037097-11:66131160	ENSG00000175602_cd4_tem		ENSG00000175602_cd4_tem		onek1k		11	64890111.0	66891635.0	138	trait	blup		4.447766923032504e-05	0.3077696400626715	11:64039998-11:66116911	2.86	0.0863	1	ENSG00000175602	cd4_tem
11:66131160-11:68238358	ENSG00000173992_b_memory		ENSG00000173992_b_memory		onek1k		11	65593083.0	67606019.0	120	trait	enet		0.0007838686133047	0.1853098596585708	11:66133336-11:68236389	2.7	0.0412	1	ENSG00000173992	b_memory
20:57872903-20:59831517	ENSG00000087460_cd4_naive		ENSG00000087460_cd4_naive		onek1k		20	57840844.0	59911192.0	40	trait	lasso		0.0036269566524058	0.0337532504779921	20:57873938-20:59830476	2.47	0.109	1	ENSG00000087460	cd4_naive
7:16161-7:933116	ENSG00000240230_cd4_naive		ENSG00000240230_cd4_naive		onek1k		7	-33926.0	1975599.0	25	trait	lasso		0.0024696023326753	0.0657396566080266	7:44935-7:931960	3.6	0.732	1	ENSG00000240230	cd4_naive
7:16161-7:933116	ENSG00000240230_cd4_ctl		ENSG00000240230_cd4_ctl		onek1k		7	-33926.0	1975599.0	25	trait	blup		0.0023021488960611	0.090943866361196	7:44935-7:931960	-3.03	0.156	1	ENSG00000240230	cd4_ctl
7:933116-7:1313431	ENSG00000178381_cd16_mono		ENSG00000178381_cd16_mono		onek1k		7	152070.0	2160759.0	14	trait	lasso		0.0021122129613805	0.0884175448287026	7:934031-7:1311237	5.05	1.0	1	ENSG00000178381	cd16_mono
7:1313431-7:2022763	ENSG00000136213_mait		ENSG00000136213_mait		onek1k		7	1403559.0	3448483.0	18	trait	blup		0.0005830985253435	0.2229095475456801	7:1316239-7:2018870	-3.62	0.843	1	ENSG00000136213	mait
7:1313431-7:2022763	ENSG00000002822_cd8_tem		ENSG00000002822_cd8_tem		onek1k		7	815792.0	3233243.0	18	trait	blup		0.0198499958753978	6.426003651253719e-06	7:1316239-7:2018870	-2.36	0.0614	1	ENSG00000002822	cd8_tem
7:1313431-7:2022763	ENSG00000136213_nk_cd56bright		ENSG00000136213_nk_cd56bright		onek1k		7	1403559.0	3448483.0	18	trait	lasso		0.0070152062052409	0.006440094379112	7:1316239-7:2018870	-2.24	0.0422	1	ENSG00000136213	nk_cd56bright
7:2022763-7:2732593	ENSG00000002822_cd16_mono		ENSG00000002822_cd16_mono		onek1k		7	815792.0	3233243.0	18	trait	lasso		0.0131326950880812	0.0003280149634654	7:2032803-7:2729765	-2.69	0.29	1	ENSG00000002822	cd16_mono
7:2022763-7:2732593	ENSG00000106268_b_intermediate		ENSG00000106268_b_intermediate		onek1k		7	1242221.0	3251146.0	18	trait	blup		-0.0007125197466748	0.574732181496105	7:2032803-7:2729765	2.37	0.149	1	ENSG00000106268	b_intermediate
21:46072312-21:46699840	ENSG00000160310_b_naive		ENSG00000160310_b_naive		onek1k		21	45635166.0	47665124.0	23	trait	blup		-0.0009996872572519	0.8449580694868455	21:46073660-21:46698256	-2.58	0.215	1	ENSG00000160310	b_naive
2:62201909-2:64398779	ENSG00000014641_cd4_tcm		ENSG00000014641_cd4_tcm		onek1k		2	62588799.0	64607197.0	44	trait	enet		0.0463637677825214	7.5402986257401e-12	2:62211083-2:64398418	4.32	0.657	1	ENSG00000014641	cd4_tcm
2:62201909-2:64398779	ENSG00000014641_cd8_tem		ENSG00000014641_cd8_tem		onek1k		2	62588799.0	64607197.0	44	trait	lasso		0.0037115225627795	0.0321757440735614	2:62211083-2:64398418	3.99	0.216	1	ENSG00000014641	cd8_tem
2:62201909-2:64398779	ENSG00000014641_cd4_naive		ENSG00000014641_cd4_naive		onek1k		2	62588799.0	64607197.0	44	trait	blup		0.0072217016825042	0.0046859547283798	2:62211083-2:64398418	3.73	0.0786	1	ENSG00000014641	cd4_naive
2:62201909-2:64398779	ENSG00000169764_cd4_ctl		ENSG00000169764_cd4_ctl		onek1k		2	62840939.0	64891562.0	44	trait	blup		0.0062594991233467	0.0138049444856886	2:62211083-2:64398418	3.7	0.0691	1	ENSG00000169764	cd4_ctl
4:15925386-4:17381699	ENSG00000118579_cd4_naive		ENSG00000118579_cd4_naive		onek1k		4	16614630.0	18634105.0	14	trait	blup		0.0005350028715864	0.2182790832230063	4:15930961-4:17379583	-1.88	0.125	1	ENSG00000118579	cd4_naive
2:170369735-2:172274177	ENSG00000198586_cd4_naive		ENSG00000198586_cd4_naive		onek1k		2	169990822.0	172231314.0	32	trait	lasso		0.0022602457931734	0.074375973163849	2:170373591-2:172273103	2.16	0.079	1	ENSG00000198586	cd4_naive
8:37521871-8:39081287	ENSG00000147548_cd4_naive		ENSG00000147548_cd4_naive		onek1k		8	37269696.0	39382272.0	57	trait	lasso		0.0014201934993293	0.1235969681236771	8:37527109-8:39075196	2.76	0.131	1	ENSG00000147548	cd4_naive
8:37521871-8:39081287	ENSG00000175324_cd8_tcm		ENSG00000175324_cd8_tcm		onek1k		8	37163772.0	39176532.0	57	trait	blup		0.0078111062132363	0.0035065811518023	8:37527109-8:39075196	-2.55	0.0868	1	ENSG00000175324	cd8_tcm
6:133923105-6:135903039	ENSG00000029363_cd8_naive		ENSG00000029363_cd8_naive		onek1k		6	135256626.0	137289851.0	36	trait	blup		0.00759321774365	0.0041583203269596	6:133923265-6:135899344	1.36	0.997	1	ENSG00000029363	cd8_naive
6:137293081-6:138501492	ENSG00000118503_cd4_naive		ENSG00000118503_cd4_naive		onek1k		6	136867187.0	138883312.0	22	trait	blup		0.0004603455029889	0.2295686994449757	6:137293265-6:138499691	-4.68	0.993	1	ENSG00000118503	cd4_naive
20:716956-20:2488855	ENSG00000125835_cd4_ctl		ENSG00000125835_cd4_ctl		onek1k		20	1461633.0	3470853.0	44	trait	blup		0.0010023640478811	0.1787994861169985	20:717428-20:2488753	-2.44	0.101	1	ENSG00000125835	cd4_ctl
20:2488855-20:3847766	ENSG00000132670_cd4_naive		ENSG00000132670_cd4_naive		onek1k		20	1873419.0	4039076.0	46	trait	blup		0.0006001143912027	0.2089696604298686	20:2488941-20:3846843	-3.56	0.712	1	ENSG00000132670	cd4_naive
20:2488855-20:3847766	ENSG00000101361_nk_cd56bright		ENSG00000101361_nk_cd56bright		onek1k		20	1652144.0	3658393.0	46	trait	blup		0.0007013292325075	0.200449925779843	20:2488941-20:3846843	-2.51	0.207	1	ENSG00000101361	nk_cd56bright
1:165222465-1:166491280	ENSG00000143183_b_memory		ENSG00000143183_b_memory		onek1k		1	164724292.0	166827530.0	30	trait	enet		0.0021341572607536	0.080369090296768	1:165223030-1:166491137	2.97	0.367	1	ENSG00000143183	b_memory
1:166491280-1:169117086	ENSG00000198821_cd8_naive		ENSG00000198821_cd8_naive		onek1k		1	166430639.0	168518610.0	61	trait	lasso		0.0009079593309084	0.172772720068947	1:166492969-1:169114467	-8.04	0.482	1	ENSG00000198821	cd8_naive
1:166491280-1:169117086	ENSG00000198821_cd4_naive		ENSG00000198821_cd4_naive		onek1k		1	166430639.0	168518610.0	61	trait	lasso		0.007709910441205	0.0036070769400811	1:166492969-1:169114467	-8.04	0.482	1	ENSG00000198821	cd4_naive
1:166491280-1:169117086	ENSG00000198821_cd4_tem		ENSG00000198821_cd4_tem		onek1k		1	166430639.0	168518610.0	61	trait	lasso		-0.0002564787581076	0.3830737801685195	1:166492969-1:169114467	-2.88	0.218	1	ENSG00000198821	cd4_tem
1:166491280-1:169117086	ENSG00000198821_cd4_tcm		ENSG00000198821_cd4_tcm		onek1k		1	166430639.0	168518610.0	61	trait	enet		0.1211592741994721	3.358794039825319e-29	1:166492969-1:169114467	-7.74	0.0671	1	ENSG00000198821	cd4_tcm
1:58399727-1:59424737	ENSG00000177606_cd4_naive		ENSG00000177606_cd4_naive		onek1k		1	57780787.0	59784327.0	19	trait	enet		-0.0002805276975534	0.3934821909222058	1:58403053-1:59423103	2.17	0.131	1	ENSG00000177606	cd4_naive
1:34334157-1:37083582	ENSG00000243749_cd4_naive		ENSG00000243749_cd4_naive		onek1k		1	33981534.0	35985353.0	59	trait	lasso		0.0067470053526001	0.0060502408479593	1:34337704-1:37077776	-2.88	0.163	1	ENSG00000243749	cd4_naive
1:14565015-1:16571235	ENSG00000055070_cd14_mono		ENSG00000055070_cd14_mono		onek1k		1	15352574.0	17398145.0	71	trait	lasso		0.0006282117988534	0.2086866946647611	1:14566390-1:16570839	-3.26	0.26	1	ENSG00000055070	cd14_mono
1:14565015-1:16571235	ENSG00000117118_cd8_tem		ENSG00000117118_cd8_tem		onek1k		1	16018721.0	18054170.0	71	trait	lasso		-3.06090286636973e-05	0.3248266098796623	1:14566390-1:16570839	-3.23	0.242	1	ENSG00000117118	cd8_tem
1:16571235-1:18336405	ENSG00000117118_cd4_naive		ENSG00000117118_cd4_naive		onek1k		1	16018721.0	18054170.0	45	trait	lasso		0.005039116222963	0.0153439967653932	1:16574316-1:18335916	3.54	0.537	1	ENSG00000117118	cd4_naive
1:16571235-1:18336405	ENSG00000117118_b_memory		ENSG00000117118_b_memory		onek1k		1	16018721.0	18054170.0	45	trait	blup		0.0091247066273071	0.0017159688973561	1:16574316-1:18335916	3.01	0.107	1	ENSG00000117118	b_memory
1:166491280-1:169117086	ENSG00000198771_cd4_ctl		ENSG00000198771_cd4_ctl		onek1k		1	166630092.0	168706249.0	61	trait	blup		0.0177045861006234	8.673821750052429e-05	1:166492969-1:169114467	5.27	0.999	1	ENSG00000198771	cd4_ctl
1:166491280-1:169117086	ENSG00000198771_gdt		ENSG00000198771_gdt		onek1k		1	166630092.0	168706249.0	61	trait	blup		0.0003512132594928	0.2488648729910423	1:166492969-1:169114467	-2.74	0.086	1	ENSG00000198771	gdt
1:169117086-1:170588635	ENSG00000188404_cd4_naive		ENSG00000188404_cd4_naive		onek1k		1	168690666.0	170711698.0	30	trait	lasso		-0.0002136071873362	0.3732699253181192	1:169117882-1:170588594	-2.57	0.185	1	ENSG00000188404	cd4_naive
1:169117086-1:170588635	ENSG00000188404_treg		ENSG00000188404_treg		onek1k		1	168690666.0	170711698.0	30	trait	blup		0.0007748643005951	0.1883713668207821	1:169117882-1:170588594	2.15	0.0922	1	ENSG00000188404	treg
14:93858939-14:95284530	ENSG00000089737_cd4_naive		ENSG00000089737_cd4_naive		onek1k		14	93048930.0	95081245.0	38	trait	blup		0.0044302571214357	0.0214989784800984	14:93861652-14:95284237	-2.24	0.0775	1	ENSG00000089737	cd4_naive
1:76262450-1:79195513	ENSG00000154027_cd4_naive		ENSG00000154027_cd4_naive		onek1k		1	76282050.0	78559969.0	46	trait	blup		0.0050607464732465	0.0151621835264619	1:76262523-1:79190906	2.52	0.0992	1	ENSG00000154027	cd4_naive
1:76262450-1:79195513	ENSG00000162613_nk		ENSG00000162613_nk		onek1k		1	76944054.0	78979110.0	46	trait	lasso		0.0062906967661294	0.007716431870139	1:76262523-1:79190906	-2.26	0.0577	1	ENSG00000162613	nk
7:104519078-7:106042459	ENSG00000008282_cd4_naive		ENSG00000008282_cd4_naive		onek1k		7	105090502.0	107112576.0	28	trait	lasso		0.0076186377000938	0.0037876172980704	7:104520232-7:106041073	3.52	0.755	1	ENSG00000008282	cd4_naive
10:5941799-10:7129522	ENSG00000237943_cd4_naive		ENSG00000237943_cd4_naive		onek1k		10	5580418.0	7616452.0	23	trait	enet		0.0831329700218002	3.304971542634999e-20	10:5941953-10:7127076	-5.08	0.996	1	ENSG00000237943	cd4_naive
10:7129522-10:8732702	ENSG00000165632_cd16_mono		ENSG00000165632_cd16_mono		onek1k		10	6818503.0	9016627.0	25	trait	lasso		0.0074744789096596	0.0053565704610443	10:7131802-10:8731255	-2.66	0.244	1	ENSG00000165632	cd16_mono
11:127446784-11:128318642	ENSG00000134954_cd4_naive		ENSG00000134954_cd4_naive		onek1k		11	127458760.0	129587558.0	4	trait	lasso		0.0269228442191575	1.6982283526125626e-07	11:127447330-11:128318491	1.31	0.257	1	ENSG00000134954	cd4_naive
11:127446784-11:128318642	ENSG00000134954_cd4_tcm		ENSG00000134954_cd4_tcm		onek1k		11	127458760.0	129587558.0	4	trait	enet		0.0717016671435695	1.3577721236968789e-17	11:127447330-11:128318491	-0.945	0.206	1	ENSG00000134954	cd4_tcm
11:128318642-11:130472680	ENSG00000134954_gdt		ENSG00000134954_gdt		onek1k		11	127458760.0	129587558.0	41	trait	lasso		0.0068371766609508	0.0063146311135595	11:128319478-11:130472526	2.29	0.0623	1	ENSG00000134954	gdt
11:128318642-11:130472680	ENSG00000134954_cd8_naive		ENSG00000134954_cd8_naive		onek1k		11	127458760.0	129587558.0	41	trait	lasso		0.0222728724732859	2.3096347114688985e-06	11:128319478-11:130472526	2.29	0.0623	1	ENSG00000134954	cd8_naive
5:118010518-5:119273125	ENSG00000145779_nk_cd56bright		ENSG00000145779_nk_cd56bright		onek1k		5	118268691.0	120399688.0	20	trait	lasso		-0.0001281599912235	0.3476634771449582	5:118012928-5:119267297	2.15	0.125	1	ENSG00000145779	nk_cd56bright
5:119273125-5:120333347	ENSG00000145779_cd4_naive		ENSG00000145779_cd4_naive		onek1k		5	118268691.0	120399688.0	10	trait	lasso		0.0053666130994907	0.012815615454815	5:119275415-5:120331891	3.24	0.824	1	ENSG00000145779	cd4_naive
12:45630446-12:47321010	ENSG00000134294_mait		ENSG00000134294_mait		onek1k		12	45358188.0	47372867.0	28	trait	enet		0.0018941236895582	0.1081567891382842	12:45638777-12:47319672	2.61	0.206	1	ENSG00000134294	mait
5:178986463-5:179974244	ENSG00000161011_mait		ENSG00000161011_mait		onek1k		5	178806397.0	180837265.0	38	trait	enet		0.0055226391674474	0.0177544049047656	5:178986987-5:179961589	-3.45	0.641	1	ENSG00000161011	mait
14:31914059-14:34377045	ENSG00000129518_mait		ENSG00000129518_mait		onek1k		14	33515928.0	35539711.0	18	trait	lasso		0.0121889505291706	0.0008035602109196	14:31915216-14:34376649	-2.06	0.124	1	ENSG00000129518	mait
5:139885487-5:141266403	ENSG00000131495_cd14_mono		ENSG00000131495_cd14_mono		onek1k		5	139638739.0	141647769.0	86	trait	lasso		0.0164763055438169	5.197228587998949e-05	5:139886839-5:141264461	-3.2	0.242	1	ENSG00000131495	cd14_mono
5:139885487-5:141266403	ENSG00000243056_cd14_mono		ENSG00000243056_cd14_mono		onek1k		5	139547665.0	141549578.0	86	trait	lasso		0.0007899908965738	0.1883666284904628	5:139886839-5:141264461	-2.39	0.0356	1	ENSG00000243056	cd14_mono
5:141266403-5:143601683	ENSG00000131504_mait		ENSG00000131504_mait		onek1k		5	140515015.0	142619055.0	66	trait	blup		0.0019493116704981	0.1050539469832737	5:141278558-5:143596767	-6.43	1.0	1	ENSG00000131504	mait
17:44979537-17:47798656	ENSG00000108465_mait		ENSG00000108465_mait		onek1k		17	46967809.0	48981772.0	90	trait	lasso		0.0072995669105224	0.0076542408564791	17:44979705-17:47797515	-8.4	1.0	1	ENSG00000108465	mait
5:43983397-5:50867564	ENSG00000151883_mait		ENSG00000151883_mait		onek1k		5	49665898.0	51846522.0	21	trait	blup		0.0030002344587113	0.0611371899640915	5:43985957-5:50860339	-2.52	0.221	1	ENSG00000151883	mait
1:112730684-1:114331223	ENSG00000134242_mait		ENSG00000134242_mait		onek1k		1	112813810.0	114871759.0	31	trait	lasso		0.0028066805076837	0.0674392872301905	1:112731802-1:114330202	3.4	0.401	1	ENSG00000134242	mait
1:112730684-1:114331223	ENSG00000116752_nk		ENSG00000116752_nk		onek1k		1	113567556.0	115581639.0	31	trait	blup		0.002278711641348	0.0734649009056339	1:112731802-1:114330202	3.37	0.369	1	ENSG00000116752	nk
1:114331223-1:115337972	ENSG00000009307_cd4_tcm		ENSG00000009307_cd4_tcm		onek1k		1	113716912.0	115758676.0	21	trait	enet		0.0003948819647066	0.2399827037484077	1:114331315-1:115335925	2.42	0.175	1	ENSG00000009307	cd4_tcm
8:65576855-8:68950822	ENSG00000185697_mait		ENSG00000185697_mait		onek1k		8	65562174.0	67613294.0	50	trait	lasso		0.0040459476000774	0.0363204162887724	8:65580990-8:68950289	-2.61	0.125	1	ENSG00000185697	mait
9:127293231-9:129403191	ENSG00000197958_mait		ENSG00000197958_mait		onek1k		9	126447673.0	128451405.0	99	trait	lasso		0.0008462849517453	0.1915927267314297	9:127294185-9:129399870	-2.82	0.0981	1	ENSG00000197958	mait
11:44672249-11:46984586	ENSG00000149091_cd14_mono		ENSG00000149091_cd14_mono		onek1k		11	45332904.0	47380554.0	56	trait	lasso		0.0062108677040095	0.0092962568606152	11:44674186-11:46979023	2.48	0.0801	1	ENSG00000149091	cd14_mono
11:46984586-11:49844498	ENSG00000149187_mait		ENSG00000149187_mait		onek1k		11	46465943.0	48565335.0	93	trait	lasso		0.0007904981880679	0.1977741672145431	11:46984803-11:49843560	-2.49	0.0532	1	ENSG00000149187	mait
3:38314625-3:40179807	ENSG00000144655_mait		ENSG00000144655_mait		onek1k		3	38141854.0	40146722.0	37	trait	blup		0.0050477541199975	0.0223051438014052	3:38315077-3:40174858	-2.93	0.28	1	ENSG00000144655	mait
12:73424674-12:76117534	ENSG00000111615_mait		ENSG00000111615_mait		onek1k		12	74490860.0	76511621.0	41	trait	lasso		0.0076622759459976	0.0064588913840994	12:73429824-12:76116463	2.44	0.109	1	ENSG00000111615	mait
3:62369991-3:63683610	ENSG00000163634_mait		ENSG00000163634_mait		onek1k		3	62833869.0	64863903.0	13	trait	lasso		-0.0002862648433605	0.3833443030381466	3:62371558-3:63679126	-2.54	0.331	1	ENSG00000163634	mait
4:119471529-4:121736832	ENSG00000164111_mait		ENSG00000164111_mait		onek1k		4	120667954.0	122697113.0	26	trait	blup		0.0015861788040523	0.1274312817636378	4:119483415-4:121733249	-2.22	0.113	1	ENSG00000164111	mait
5:130183332-5:132803957	ENSG00000217128_nk		ENSG00000217128_nk		onek1k		5	130641713.0	132797063.0	49	trait	blup		0.0074034511198964	0.0042330834126052	5:130185221-5:132801509	2.36	0.999	1	ENSG00000217128	nk
5:130183332-5:132803957	ENSG00000217128_mait		ENSG00000217128_mait		onek1k		5	130641713.0	132797063.0	49	trait	blup		0.0008459986311315	0.1916238716320334	5:130185221-5:132801509	-7.21	0.999	1	ENSG00000217128	mait
5:130183332-5:132803957	ENSG00000169567_cd4_naive		ENSG00000169567_cd4_naive		onek1k		5	130159026.0	132171735.0	49	trait	enet		0.0209493714832209	3.6498349725739046e-06	5:130185221-5:132801509	-5.5	0.992	1	ENSG00000169567	cd4_naive
18:14440800-18:21905883	ENSG00000067900_cd8_tem		ENSG00000067900_cd8_tem		onek1k		18	19946905.0	22111851.0	54	trait	lasso		0.0027904521974838	0.0545132000136512	18:14504059-18:21905556	3.67	0.541	1	ENSG00000067900	cd8_tem
18:14440800-18:21905883	ENSG00000067900_cd4_ctl		ENSG00000067900_cd4_ctl		onek1k		18	19946905.0	22111851.0	54	trait	lasso		-0.0005420412806722	0.4535664462423663	18:14504059-18:21905556	3.44	0.253	1	ENSG00000067900	cd4_ctl
18:14440800-18:21905883	ENSG00000067900_cd16_mono		ENSG00000067900_cd16_mono		onek1k		18	19946905.0	22111851.0	54	trait	lasso		0.0010304904846781	0.1650512402453581	18:14504059-18:21905556	2.78	0.141	1	ENSG00000067900	cd16_mono
2:198446401-2:200711561	ENSG00000082153_cd16_mono		ENSG00000082153_cd16_mono		onek1k		2	199810593.0	201827338.0	23	trait	lasso		0.0002865259093612	0.2622302166075526	2:198460040-2:200710706	-2.42	0.167	1	ENSG00000082153	cd16_mono
2:200711561-2:201953914	ENSG00000082153_cd8_tem		ENSG00000082153_cd8_tem		onek1k		2	199810593.0	201827338.0	55	trait	blup		0.0040845401584677	0.0260806097879969	2:200711563-2:201943431	-3.89	0.768	1	ENSG00000082153	cd8_tem
2:200711561-2:201953914	ENSG00000003402_nk		ENSG00000003402_nk		onek1k		2	200116103.0	202176687.0	55	trait	blup		0.0024074564975237	0.0680856549874625	2:200711563-2:201943431	2.9	0.0411	1	ENSG00000003402	nk
2:201953914-2:204934518	ENSG00000055044_cd4_tem		ENSG00000055044_cd4_tem		onek1k		2	201265715.0	203303666.0	64	trait	enet		0.0002095800277904	0.2746166694149631	2:201958201-2:204933578	-2.54	0.0827	1	ENSG00000055044	cd4_tem
8:132338897-8:133557758	ENSG00000155926_mait		ENSG00000155926_mait		onek1k		8	132036723.0	134103054.0	19	trait	blup		0.0007182224387093	0.2061335589312179	8:132338898-8:133553183	2.14	0.133	1	ENSG00000155926	mait
10:16509768-10:18248338	ENSG00000148484_cd8_tem		ENSG00000148484_cd8_tem		onek1k		10	15590610.0	17817528.0	28	trait	lasso		0.0022370268015683	0.0754061132168228	10:16514198-10:18248136	2.52	0.175	1	ENSG00000148484	cd8_tem
8:100608730-8:103111078	ENSG00000070756_cd8_tem		ENSG00000070756_cd8_tem		onek1k		8	99685815.0	101722809.0	69	trait	enet		0.0129322539250508	0.0002302575729946	8:100611403-8:103110381	2.78	0.457	1	ENSG00000070756	cd8_tem
8:100608730-8:103111078	ENSG00000070756_b_memory		ENSG00000070756_b_memory		onek1k		8	99685815.0	101722809.0	69	trait	lasso		0.0037276259869502	0.0320234110520923	8:100611403-8:103110381	-2.02	0.414	1	ENSG00000070756	b_memory
8:100608730-8:103111078	ENSG00000120963_cd8_tcm		ENSG00000120963_cd8_tcm		onek1k		8	100177877.0	102206193.0	69	trait	lasso		0.0004753501226147	0.2277008073039507	8:100611403-8:103110381	2.94	0.161	1	ENSG00000120963	cd8_tcm
3:26836278-3:27799419	ENSG00000163508_cd8_tem		ENSG00000163508_cd8_tem		onek1k		3	26715948.0	28722711.0	15	trait	lasso		0.0032630619383278	0.0415214724012356	3:26837870-3:27797810	3.12	0.409	1	ENSG00000163508	cd8_tem
3:26836278-3:27799419	ENSG00000187118_cd4_ctl		ENSG00000187118_cd4_ctl		onek1k		3	27241594.0	29325142.0	15	trait	blup		0.0129617752241483	0.0006882234225069	3:26837870-3:27797810	3.11	0.408	1	ENSG00000187118	cd4_ctl
1:44503511-1:46433829	ENSG00000117450_cd16_mono		ENSG00000117450_cd16_mono		onek1k		1	44514506.0	46523047.0	68	trait	blup		0.0002887720492261	0.2618465436262503	1:44507773-1:46426431	2.19	0.0359	1	ENSG00000117450	cd16_mono
1:44503511-1:46433829	ENSG00000173846_cd4_tcm		ENSG00000173846_cd4_tcm		onek1k		1	43800224.0	45805912.0	68	trait	lasso		0.0044083722472691	0.0217074913204984	1:44507773-1:46426431	-2.06	0.0282	1	ENSG00000173846	cd4_tcm
1:46433829-1:47536904	ENSG00000173660_cd4_naive		ENSG00000173660_cd4_naive		onek1k		1	45303630.0	47316776.0	40	trait	lasso		0.0036131074434642	0.0340191856152601	1:46438076-1:47533837	-4.43	0.936	1	ENSG00000173660	cd4_naive
1:46433829-1:47536904	ENSG00000173660_b_intermediate		ENSG00000173660_b_intermediate		onek1k		1	45303630.0	47316776.0	40	trait	blup		0.0029076765832405	0.0513796945444913	1:46438076-1:47533837	3.06	0.193	1	ENSG00000173660	b_intermediate
1:46433829-1:47536904	ENSG00000173660_cd4_tcm		ENSG00000173660_cd4_tcm		onek1k		1	45303630.0	47316776.0	40	trait	enet		0.1489391289442695	5.46702792163484e-36	1:46438076-1:47533837	-2.27	0.125	1	ENSG00000173660	cd4_tcm
17:3799018-17:4792966	ENSG00000141480_cd4_naive		ENSG00000141480_cd4_naive		onek1k		17	3710488.0	5721499.0	41	trait	lasso		0.0121062933972261	0.0003543135348238	17:3800218-17:4787804	-3.32	0.498	1	ENSG00000141480	cd4_naive
17:3799018-17:4792966	ENSG00000108523_cd8_tem		ENSG00000108523_cd8_tem		onek1k		17	3940251.0	5945222.0	41	trait	blup		0.0012623283780089	0.1363642649161874	17:3800218-17:4787804	-2.35	0.0481	1	ENSG00000108523	cd8_tem
17:4792966-17:5838014	ENSG00000108523_b_memory		ENSG00000108523_b_memory		onek1k		17	3940251.0	5945222.0	50	trait	blup		0.0030859550410275	0.0461289479417596	17:4793367-17:5836860	-2.74	0.149	1	ENSG00000108523	b_memory
11:15721006-11:17556855	ENSG00000070081_cd8_tem		ENSG00000070081_cd8_tem		onek1k		11	16208152.0	18349974.0	27	trait	lasso		0.1751039157650599	1.5429735764257824e-42	11:15724868-11:17556031	3.72	0.792	1	ENSG00000070081	cd8_tem
11:15721006-11:17556855	ENSG00000070081_nk		ENSG00000070081_nk		onek1k		11	16208152.0	18349974.0	27	trait	lasso		0.12841820870492	5.919320399507173e-31	11:15724868-11:17556031	2.42	0.215	1	ENSG00000070081	nk
11:15721006-11:17556855	ENSG00000070081_gdt		ENSG00000070081_gdt		onek1k		11	16208152.0	18349974.0	27	trait	blup		0.0074080734600979	0.0046787497479376	11:15724868-11:17556031	2.98	0.0723	1	ENSG00000070081	gdt
21:36498481-21:37339402	ENSG00000182670_cd8_tem		ENSG00000182670_cd8_tem		onek1k		21	36073225.0	38203112.0	23	trait	blup		-0.000484909397123	0.4662291611615758	21:36500743-21:37338139	2.62	0.246	1	ENSG00000182670	cd8_tem
8:16134151-8:17530367	ENSG00000198791_nk_cd56bright		ENSG00000198791_nk_cd56bright		onek1k		8	16224963.0	18246570.0	19	trait	enet		0.0106520673457235	0.001030992257164	8:16135246-8:17529510	-3.34	0.724	1	ENSG00000198791	nk_cd56bright
8:17530367-8:17978890	ENSG00000078674_cd8_tem		ENSG00000078674_cd8_tem		onek1k		8	16922839.0	19029944.0	13	trait	lasso		0.0078215606187878	0.0033980544585091	8:17531583-8:17978036	-1.56	0.095	1	ENSG00000078674	cd8_tem
8:17530367-8:17978890	ENSG00000104763_b_naive		ENSG00000104763_b_naive		onek1k		8	17055991.0	19084998.0	13	trait	lasso		0.0028902515508574	0.0518078511812385	8:17531583-8:17978036	1.29	0.0727	1	ENSG00000104763	b_naive
7:139059933-7:140233377	ENSG00000146963_b_intermediate		ENSG00000146963_b_intermediate		onek1k		7	138340358.0	140423457.0	23	trait	lasso		0.00782339335815	0.0034687598637581	7:139059964-7:140233207	2.2	0.116	1	ENSG00000146963	b_intermediate
7:140233377-7:140535410	ENSG00000090263_b_intermediate		ENSG00000090263_b_intermediate		onek1k		7	140002609.0	142015228.0	10	trait	blup		0.0007735938674261	0.1868495770766238	7:140233585-7:140534267	1.27	0.102	1	ENSG00000090263	b_intermediate
7:140233377-7:140535410	ENSG00000133606_cd4_tem		ENSG00000133606_cd4_tem		onek1k		7	139453039.0	141479569.0	10	trait	blup		0.0002116644444843	0.2742278126936277	7:140233585-7:140534267	0.886	0.0805	1	ENSG00000133606	cd4_tem
7:140535410-7:141526757	ENSG00000133606_cd4_ctl		ENSG00000133606_cd4_ctl		onek1k		7	139453039.0	141479569.0	18	trait	enet		0.00099942160504	0.1790852454452539	7:140535764-7:141510353	5.08	1.0	1	ENSG00000133606	cd4_ctl
6:25684359-6:26791023	ENSG00000186470_gdt		ENSG00000186470_gdt		onek1k		6	25365158.0	27378320.0	73	trait	lasso		0.0588163902001771	2.529487479479501e-14	6:25684405-6:26761646	-4.56	0.24	1	ENSG00000186470	gdt
6:25684359-6:26791023	ENSG00000186470_treg		ENSG00000186470_treg		onek1k		6	25365158.0	27378320.0	73	trait	lasso		0.0286320269794612	9.827964343946125e-08	6:25684405-6:26761646	-4.45	0.147	1	ENSG00000186470	treg
6:25684359-6:26791023	ENSG00000186470_b_intermediate		ENSG00000186470_b_intermediate		onek1k		6	25365158.0	27378320.0	73	trait	lasso		0.0588761208620765	1.3656854065613839e-14	6:25684405-6:26761646	-4.43	0.13	1	ENSG00000186470	b_intermediate
6:25684359-6:26791023	ENSG00000186470_nk		ENSG00000186470_nk		onek1k		6	25365158.0	27378320.0	73	trait	lasso		0.3361911853181424	2.4280848040547987e-88	6:25684405-6:26761646	-4.41	0.122	1	ENSG00000186470	nk
6:25684359-6:26791023	ENSG00000186470_cd4_ctl		ENSG00000186470_cd4_ctl		onek1k		6	25365158.0	27378320.0	73	trait	lasso		0.0298651532886057	4.5351564154308165e-07	6:25684405-6:26761646	-4.36	0.0984	1	ENSG00000186470	cd4_ctl
6:25684359-6:26791023	ENSG00000186470_cd8_tcm		ENSG00000186470_cd8_tcm		onek1k		6	25365158.0	27378320.0	73	trait	lasso		0.0568528436978178	4.0145615486228996e-14	6:25684405-6:26761646	-4.26	0.0651	1	ENSG00000186470	cd8_tcm
6:25684359-6:26791023	ENSG00000186470_mait		ENSG00000186470_mait		onek1k		6	25365158.0	27378320.0	73	trait	lasso		0.0382020512006346	7.113995918891633e-09	6:25684405-6:26761646	-4.24	0.0644	1	ENSG00000186470	mait
6:25684359-6:26791023	ENSG00000186470_cd4_naive		ENSG00000186470_cd4_naive		onek1k		6	25365158.0	27378320.0	73	trait	lasso		0.1976314289852907	2.2608454888870926e-48	6:25684405-6:26761646	-4.22	0.0593	1	ENSG00000186470	cd4_naive
6:25684359-6:26791023	ENSG00000186470_cd8_tem		ENSG00000186470_cd8_tem		onek1k		6	25365158.0	27378320.0	73	trait	enet		0.272433687248071	5.719349801572785e-69	6:25684405-6:26761646	-4.16	0.045	1	ENSG00000186470	cd8_tem
6:25684359-6:26791023	ENSG00000186470_cd8_naive		ENSG00000186470_cd8_naive		onek1k		6	25365158.0	27378320.0	73	trait	lasso		0.0690010921001699	1.1632450001344595e-16	6:25684405-6:26761646	-4.03	0.0336	1	ENSG00000186470	cd8_naive
1:21410095-1:22760390	ENSG00000070831_cd4_ctl		ENSG00000070831_cd4_ctl		onek1k		1	21052626.0	23092946.0	41	trait	lasso		0.0141913533923128	0.0004013087919295	1:21410231-1:22758821	-3.22	0.226	1	ENSG00000070831	cd4_ctl
1:21410095-1:22760390	ENSG00000070831_cd8_tem		ENSG00000070831_cd8_tem		onek1k		1	21052626.0	23092946.0	41	trait	enet		0.0708721349951984	2.1826585591005707e-17	1:21410231-1:22758821	-3.16	0.192	1	ENSG00000070831	cd8_tem
1:21410095-1:22760390	ENSG00000070831_cd4_tcm		ENSG00000070831_cd4_tcm		onek1k		1	21052626.0	23092946.0	41	trait	enet		0.284574893409614	1.3966319969992152e-72	1:21410231-1:22758821	-2.98	0.116	1	ENSG00000070831	cd4_tcm
1:21410095-1:22760390	ENSG00000070831_nk		ENSG00000070831_nk		onek1k		1	21052626.0	23092946.0	41	trait	lasso		0.0866905486520144	4.7312466653841905e-21	1:21410231-1:22758821	-2.92	0.1	1	ENSG00000070831	nk
1:21410095-1:22760390	ENSG00000070831_b_naive		ENSG00000070831_b_naive		onek1k		1	21052626.0	23092946.0	41	trait	lasso		0.0188826408860555	1.100662713825427e-05	1:21410231-1:22758821	-2.83	0.085	1	ENSG00000070831	b_naive
1:21410095-1:22760390	ENSG00000169641_mait		ENSG00000169641_mait		onek1k		1	22084022.0	24177808.0	41	trait	lasso		0.0099998500914687	0.0021868583648282	1:21410231-1:22758821	1.87	0.0483	1	ENSG00000169641	mait
4:5500661-4:6771316	ENSG00000179010_cd4_ctl		ENSG00000179010_cd4_ctl		onek1k		4	5640090.0	7642745.0	22	trait	lasso		0.0032919639187436	0.0557968319612675	4:5502783-4:6770944	2.27	0.13	1	ENSG00000179010	cd4_ctl
4:5500661-4:6771316	ENSG00000179010_cd4_tem		ENSG00000179010_cd4_tem		onek1k		4	5640090.0	7642745.0	22	trait	lasso		0.0040220944255141	0.0294524403624866	4:5502783-4:6770944	2.08	0.0928	1	ENSG00000179010	cd4_tem
4:6771316-4:7537965	ENSG00000179010_cd8_naive		ENSG00000179010_cd8_naive		onek1k		4	5640090.0	7642745.0	14	trait	lasso		0.0012625736267586	0.1384838152908597	4:6771474-4:7537029	2.1	0.156	1	ENSG00000179010	cd8_naive
4:6771316-4:7537965	ENSG00000186222_nk		ENSG00000186222_nk		onek1k		4	5716054.0	7717671.0	14	trait	blup		0.0054838305296222	0.011981009893867	4:6771474-4:7537029	-1.94	0.121	1	ENSG00000186222	nk
12:6310587-12:8224940	ENSG00000089693_cd4_ctl		ENSG00000089693_cd4_ctl		onek1k		12	5747995.0	7767475.0	118	trait	blup		0.0001195363049447	0.2953276946497025	12:6313411-12:6956462	-2.65	0.0525	1	ENSG00000089693	cd4_ctl
15:76106283-15:78223711	ENSG00000117906_cd4_ctl		ENSG00000117906_cd4_ctl		onek1k		15	75931618.0	77954392.0	45	trait	blup		0.0018072383036241	0.1169559540495395	15:76107165-15:78203913	-4.17	0.541	1	ENSG00000117906	cd4_ctl
15:76106283-15:78223711	ENSG00000140391_b_memory		ENSG00000140391_b_memory		onek1k		15	76041403.0	78083984.0	45	trait	blup		0.0177155165401472	1.967101726282808e-05	15:76107165-15:78203913	-3.98	0.467	1	ENSG00000140391	b_memory
15:76106283-15:78223711	ENSG00000140368_cd8_tcm		ENSG00000140368_cd8_tcm		onek1k		15	75993358.0	78037332.0	45	trait	enet		0.0010202792551855	0.1595572611254779	15:76107165-15:78203913	-3.76	0.299	1	ENSG00000140368	cd8_tcm
15:76106283-15:78223711	ENSG00000136381_cd16_mono		ENSG00000136381_cd16_mono		onek1k		15	77437430.0	79501456.0	45	trait	blup		0.0001376547406449	0.2893039473925429	15:76107165-15:78203913	-2.46	0.118	1	ENSG00000136381	cd16_mono
15:76106283-15:78223711	ENSG00000140391_b_naive		ENSG00000140391_b_naive		onek1k		15	76041403.0	78083984.0	45	trait	lasso		0.0265215551374465	2.2058896455751438e-07	15:76107165-15:78203913	-3.45	0.0594	1	ENSG00000140391	b_naive
15:78223711-15:80568637	ENSG00000185787_cd16_mono		ENSG00000185787_cd16_mono		onek1k		15	77810486.0	79898133.0	67	trait	lasso		0.0059554988499359	0.0115553083380853	15:78226560-15:80566573	-2.45	0.0671	1	ENSG00000185787	cd16_mono
15:78223711-15:80568637	ENSG00000103811_cd14_mono		ENSG00000103811_cd14_mono		onek1k		15	77921057.0	79949574.0	67	trait	lasso		0.0207793238330463	6.176128027502428e-06	15:78226560-15:80566573	-2.49	0.0658	1	ENSG00000103811	cd14_mono
14:72422907-14:75978424	ENSG00000156127_cd4_ctl		ENSG00000156127_cd4_ctl		onek1k		14	74522424.0	76547015.0	113	trait	blup		0.004491720754956	0.0314267753495974	14:72424812-14:75978121	2.53	0.0449	1	ENSG00000156127	cd4_ctl
5:171647288-5:173251324	ENSG00000072786_cd4_ctl		ENSG00000072786_cd4_ctl		onek1k		5	171042072.0	173188386.0	36	trait	enet		0.0115515578599748	0.001281260993209	5:171648625-5:173249692	2.42	0.112	1	ENSG00000072786	cd4_ctl
14:57014544-14:58981618	ENSG00000257621_cd4_ctl		ENSG00000257621_cd4_ctl		onek1k		14	57265364.0	59295811.0	40	trait	blup		0.0001045261502767	0.298012510930764	14:57016809-14:58981102	-3.51	0.676	1	ENSG00000257621	cd4_ctl
14:58981618-14:61213706	ENSG00000100612_cd4_tcm		ENSG00000100612_cd4_tcm		onek1k		14	59148947.0	61169856.0	39	trait	enet		0.0106835405361396	0.0007423236486684	14:58990103-14:61211868	2.55	0.138	1	ENSG00000100612	cd4_tcm
